date,home,neutral_site,opponent,conference_game,attendance,lead_changes,times_tied,venue_capacity,points,field_goals_made,field_goals_att,field_goal_pct,three_points_made,three_points_att,three_point_pct,two_points_made,two_points_att,two_points_pct,blocked_att,free_throws_made,free_throws_att,free_throw_pct,offensive_rebounds,defensive_rebounds,rebounds,assists,turnovers,steals,blocks,assists_turnover_ratio,personal_fouls,ejections,foulouts,fast_break_pts,second_chance_pts,team_turnovers,points_off_turnovers,team_rebounds,flagrant_fouls,player_tech_fouls,team_tech_fouls,coach_tech_fouls,win,allowed_points,opp_field_goals_made,opp_field_goals_att,opp_field_goals_pct,opp_three_points_made,opp_three_points_att,opp_three_points_pct,opp_two_points_made,opp_two_points_att,opp_two_points_pct,opp_blocked_att,opp_free_throws_made,opp_free_throws_att,opp_free_throws_pct,opp_offensive_rebounds,opp_defensive_rebounds,opp_rebounds,opp_assists,opp_turnovers,opp_steals,opp_blocks,opp_assists_turnover_ratio,opp_personal_fouls,opp_ejections,opp_foulouts,opp_points,opp_fast_break_pts,opp_second_chance_pts,opp_team_turnovers,opp_points_off_turnovers,opp_team_rebounds,opp_flagrant_fouls,opp_player_tech_fouls,opp_team_tech_fouls,opp_coach_tech_fouls
2016-01-29,False,nan,Southern IllinoisSalukis,nan,6345.0,7.0,8.0,8339.0,85,31.0,56.0,55.4,8.0,11.0,72.7,23.0,45.0,0.511,2.0,15.0,19.0,78.9,2.0,20.0,22.0,17.0,12.0,5.0,6.0,1.42,16.0,0.0,nan,8.0,2.0,1.0,17.0,4.0,0.0,0.0,0.0,0.0,78,30.0,67.0,44.8,8.0,22.0,36.4,22.0,45.0,0.489,6.0,10.0,14.0,71.4,10.0,23.0,33.0,9.0,13.0,5.0,2.0,0.69,17.0,0.0,nan,2.0,15.0,2.0,20.0,6.0,0.0,0.0,0.0,0.0,True
2016-02-18,False,nan,DrakeBulldogs,nan,2790.0,0.0,0.0,7152.0,80,28.0,55.0,50.9,5.0,12.0,41.7,23.0,43.0,0.535,5.0,19.0,23.0,82.6,7.0,19.0,26.0,21.0,6.0,5.0,3.0,3.5,17.0,0.0,nan,12.0,7.0,0.0,13.0,2.0,0.0,0.0,0.0,0.0,74,27.0,54.0,50.0,7.0,17.0,41.2,20.0,37.0,0.541,3.0,13.0,17.0,76.5,6.0,20.0,26.0,12.0,11.0,3.0,5.0,1.09,22.0,0.0,nan,0.0,14.0,1.0,4.0,4.0,0.0,0.0,0.0,0.0,True
2015-12-20,False,nan,Fresno StateBulldogs,nan,5251.0,3.0,4.0,15544.0,85,29.0,59.0,49.2,6.0,17.0,35.3,23.0,42.0,0.548,3.0,21.0,29.0,72.4,6.0,23.0,29.0,21.0,11.0,4.0,3.0,1.91,22.0,0.0,nan,4.0,13.0,1.0,15.0,3.0,0.0,0.0,0.0,0.0,77,27.0,58.0,46.6,3.0,12.0,25.0,24.0,46.0,0.522,3.0,20.0,26.0,76.9,9.0,27.0,36.0,10.0,14.0,4.0,3.0,0.71,26.0,0.0,nan,2.0,9.0,0.0,15.0,0.0,0.0,0.0,0.0,0.0,True
2016-02-14,False,nan,Loyola (IL)Ramblers,nan,2257.0,3.0,2.0,4486.0,74,25.0,54.0,46.3,4.0,11.0,36.4,21.0,43.0,0.488,5.0,20.0,21.0,95.2,8.0,22.0,30.0,17.0,13.0,5.0,7.0,1.31,20.0,0.0,nan,nan,17.0,2.0,14.0,4.0,0.0,0.0,0.0,1.0,73,26.0,58.0,44.8,7.0,20.0,35.0,19.0,38.0,0.5,7.0,14.0,17.0,82.4,9.0,21.0,30.0,13.0,12.0,6.0,5.0,1.08,16.0,0.0,nan,12.0,6.0,0.0,15.0,1.0,0.0,0.0,0.0,0.0,True
2013-12-11,False,nan,XavierMusketeers,False,9086.0,0.0,0.0,10250.0,60,23.0,49.0,46.9,4.0,14.0,28.6,19.0,35.0,54.3,5.0,10.0,18.0,55.6,5.0,32.0,37.0,11.0,17.0,2.0,7.0,0.65,19.0,nan,nan,13.0,4.0,0.0,13.0,1.0,0.0,0.0,0.0,0.0,63,21.0,58.0,36.2,5.0,16.0,31.3,16.0,42.0,38.1,7.0,16.0,24.0,66.7,11.0,23.0,34.0,13.0,10.0,12.0,5.0,1.3,15.0,nan,nan,6.0,12.0,1.0,14.0,1.0,1.0,0.0,0.0,0.0,False
2016-02-04,False,nan,Northern IowaPanthers,nan,4805.0,16.0,4.0,6650.0,54,21.0,51.0,41.2,4.0,17.0,23.5,17.0,34.0,0.5,5.0,8.0,14.0,57.1,3.0,29.0,32.0,13.0,9.0,7.0,5.0,1.44,18.0,0.0,nan,2.0,6.0,1.0,6.0,1.0,0.0,0.0,0.0,0.0,57,18.0,46.0,39.1,6.0,13.0,46.2,12.0,33.0,0.364,5.0,15.0,17.0,88.2,1.0,26.0,27.0,11.0,7.0,3.0,5.0,1.57,12.0,0.0,nan,0.0,0.0,2.0,11.0,2.0,0.0,0.0,0.0,0.0,False
2015-02-26,False,nan,Northern IowaPanthers,nan,6935.0,0.0,0.0,6650.0,57,21.0,44.0,47.7,3.0,8.0,37.5,18.0,36.0,0.5,4.0,12.0,17.0,70.6,4.0,19.0,23.0,9.0,14.0,9.0,4.0,0.64,21.0,nan,nan,8.0,5.0,1.0,13.0,2.0,0.0,0.0,0.0,0.0,68,23.0,44.0,52.3,9.0,21.0,42.9,14.0,23.0,0.609,4.0,13.0,17.0,76.5,1.0,20.0,21.0,11.0,12.0,7.0,4.0,0.92,16.0,nan,nan,8.0,5.0,0.0,26.0,3.0,0.0,0.0,0.0,0.0,False
2016-01-07,False,nan,Wichita StateShockers,nan,10506.0,4.0,1.0,10506.0,64,22.0,46.0,47.8,6.0,16.0,37.5,16.0,30.0,0.533,3.0,14.0,21.0,66.7,6.0,20.0,26.0,14.0,13.0,3.0,4.0,1.08,14.0,0.0,nan,0.0,10.0,0.0,10.0,5.0,0.0,0.0,0.0,0.0,67,26.0,59.0,44.1,7.0,18.0,38.9,19.0,41.0,0.463,4.0,8.0,10.0,80.0,9.0,18.0,27.0,18.0,8.0,6.0,3.0,2.25,16.0,0.0,nan,4.0,18.0,1.0,13.0,4.0,0.0,0.0,0.0,0.0,False
2015-02-22,False,nan,Wichita StateShockers,nan,10506.0,0.0,0.0,10506.0,43,15.0,48.0,31.3,1.0,12.0,8.3,14.0,36.0,0.389,4.0,12.0,17.0,70.6,5.0,27.0,32.0,9.0,13.0,2.0,1.0,0.69,18.0,nan,nan,2.0,6.0,0.0,nan,5.0,0.0,0.0,0.0,0.0,62,22.0,57.0,38.6,10.0,27.0,37.0,12.0,30.0,0.4,1.0,8.0,18.0,44.4,10.0,29.0,39.0,16.0,7.0,9.0,4.0,2.29,14.0,nan,nan,4.0,7.0,1.0,4.0,1.0,0.0,0.0,0.0,0.0,False
2014-02-01,False,nan,Wichita StateShockers,True,10506.0,0.0,0.0,10506.0,67,26.0,54.0,48.1,5.0,11.0,45.5,21.0,43.0,48.8,5.0,10.0,18.0,55.6,5.0,17.0,22.0,17.0,10.0,8.0,3.0,1.7,25.0,nan,nan,2.0,10.0,1.0,9.0,7.0,0.0,0.0,0.0,0.0,81,25.0,55.0,45.5,7.0,19.0,36.8,18.0,36.0,50.0,3.0,24.0,33.0,72.7,15.0,20.0,35.0,10.0,11.0,7.0,5.0,0.91,15.0,nan,nan,8.0,11.0,0.0,11.0,5.0,0.0,0.0,0.0,0.0,False
2016-01-24,False,nan,Indiana StateSycamores,nan,4630.0,0.0,0.0,10200.0,65,23.0,53.0,43.4,5.0,11.0,45.5,18.0,42.0,0.429,2.0,14.0,21.0,66.7,6.0,21.0,27.0,12.0,10.0,5.0,4.0,1.2,19.0,0.0,nan,6.0,3.0,0.0,9.0,2.0,0.0,1.0,0.0,0.0,82,27.0,57.0,47.4,14.0,23.0,60.9,13.0,34.0,0.382,4.0,14.0,19.0,73.7,7.0,24.0,31.0,14.0,11.0,3.0,2.0,1.27,20.0,0.0,nan,10.0,11.0,1.0,10.0,6.0,0.0,0.0,0.0,0.0,False
2015-01-04,False,nan,Indiana StateSycamores,nan,3948.0,25.0,14.0,10200.0,75,28.0,58.0,48.3,5.0,12.0,41.7,23.0,46.0,0.5,4.0,14.0,21.0,66.7,7.0,23.0,30.0,17.0,13.0,6.0,8.0,1.31,20.0,nan,nan,nan,11.0,0.0,7.0,3.0,0.0,0.0,0.0,0.0,79,27.0,56.0,48.2,7.0,15.0,46.7,20.0,41.0,0.488,8.0,18.0,24.0,75.0,5.0,25.0,30.0,20.0,13.0,4.0,4.0,1.54,19.0,nan,nan,10.0,9.0,0.0,18.0,3.0,0.0,0.0,0.0,0.0,False
2016-02-24,False,nan,BradleyBraves,nan,5523.0,1.0,1.0,11433.0,67,24.0,50.0,48.0,1.0,5.0,20.0,23.0,45.0,0.511,3.0,18.0,30.0,60.0,3.0,26.0,29.0,16.0,9.0,10.0,6.0,1.78,18.0,0.0,nan,14.0,1.0,1.0,22.0,1.0,0.0,0.0,0.0,0.0,55,21.0,49.0,42.9,4.0,13.0,30.8,17.0,36.0,0.472,6.0,9.0,14.0,64.3,2.0,29.0,31.0,13.0,18.0,5.0,3.0,0.72,24.0,0.0,nan,4.0,3.0,1.0,6.0,3.0,0.0,0.0,0.0,0.0,True
2016-01-16,False,nan,Illinois StateRedbirds,nan,5148.0,5.0,4.0,10200.0,66,22.0,44.0,50.0,5.0,12.0,41.7,17.0,32.0,0.531,3.0,17.0,27.0,63.0,2.0,32.0,34.0,15.0,16.0,11.0,3.0,0.94,10.0,0.0,nan,4.0,3.0,0.0,5.0,1.0,0.0,0.0,0.0,0.0,55,23.0,75.0,30.7,6.0,31.0,19.4,17.0,44.0,0.386,3.0,3.0,4.0,75.0,19.0,21.0,40.0,12.0,14.0,6.0,3.0,0.86,20.0,0.0,nan,6.0,13.0,0.0,20.0,4.0,0.0,0.0,0.0,0.0,True
2015-02-04,False,nan,Illinois StateRedbirds,nan,4352.0,1.0,1.0,10200.0,51,18.0,55.0,32.7,0.0,10.0,0.0,18.0,45.0,0.4,10.0,15.0,25.0,60.0,13.0,19.0,32.0,9.0,18.0,4.0,1.0,0.5,17.0,nan,nan,8.0,11.0,0.0,13.0,5.0,0.0,0.0,0.0,0.0,77,29.0,59.0,49.2,6.0,19.0,31.6,23.0,40.0,0.575,1.0,13.0,18.0,72.2,9.0,26.0,35.0,16.0,13.0,10.0,10.0,1.23,22.0,nan,nan,6.0,13.0,0.0,27.0,4.0,0.0,0.0,0.0,0.0,False
2013-11-27,False,nan,IndianaHoosiers,False,16255.0,0.0,0.0,17472.0,46,16.0,55.0,29.1,3.0,16.0,18.8,13.0,39.0,33.3,7.0,11.0,22.0,50.0,6.0,19.0,25.0,7.0,15.0,5.0,3.0,0.47,25.0,nan,nan,7.0,4.0,0.0,12.0,5.0,0.0,0.0,0.0,0.0,77,24.0,59.0,40.7,4.0,16.0,25.0,20.0,43.0,46.5,3.0,25.0,35.0,71.4,17.0,39.0,56.0,12.0,16.0,8.0,7.0,0.75,22.0,nan,nan,2.0,19.0,0.0,11.0,2.0,0.0,0.0,0.0,0.0,False
2015-12-09,False,nan,ArkansasRazorbacks,nan,13980.0,1.0,2.0,19368.0,76,28.0,57.0,49.1,3.0,17.0,17.6,25.0,40.0,0.625,8.0,17.0,19.0,89.5,7.0,19.0,26.0,17.0,14.0,7.0,6.0,1.21,23.0,0.0,nan,4.0,12.0,0.0,13.0,2.0,0.0,0.0,0.0,0.0,89,28.0,52.0,53.8,9.0,13.0,69.2,19.0,39.0,0.487,6.0,24.0,30.0,80.0,4.0,21.0,25.0,18.0,11.0,10.0,8.0,1.64,16.0,0.0,nan,6.0,5.0,0.0,23.0,3.0,0.0,0.0,0.0,0.0,False
2015-11-27,False,nan,ProvidenceFriars,nan,nan,2.0,2.0,4000.0,64,27.0,53.0,50.9,5.0,14.0,35.7,22.0,39.0,0.564,4.0,5.0,11.0,45.5,4.0,23.0,27.0,26.0,15.0,2.0,9.0,1.73,22.0,0.0,nan,4.0,4.0,0.0,16.0,3.0,0.0,0.0,0.0,0.0,74,23.0,57.0,40.4,5.0,16.0,31.3,18.0,41.0,0.439,9.0,23.0,29.0,79.3,10.0,20.0,30.0,12.0,10.0,6.0,4.0,1.2,19.0,0.0,nan,2.0,13.0,0.0,18.0,6.0,0.0,0.0,0.0,0.0,False
2015-11-28,False,nan,Santa ClaraBroncos,nan,nan,2.0,1.0,4000.0,69,24.0,51.0,47.1,5.0,14.0,35.7,19.0,37.0,0.514,2.0,16.0,22.0,72.7,7.0,29.0,36.0,21.0,14.0,6.0,2.0,1.5,20.0,0.0,nan,4.0,4.0,0.0,13.0,3.0,0.0,0.0,0.0,0.0,57,22.0,54.0,40.7,3.0,15.0,20.0,19.0,39.0,0.487,2.0,10.0,16.0,62.5,7.0,21.0,28.0,17.0,11.0,3.0,2.0,1.55,23.0,0.0,nan,4.0,6.0,0.0,14.0,2.0,0.0,0.0,0.0,0.0,True
2016-01-02,False,nan,Missouri StateBears,nan,4023.0,6.0,4.0,11000.0,76,23.0,42.0,54.8,5.0,15.0,33.3,18.0,27.0,0.667,0.0,25.0,36.0,69.4,7.0,30.0,37.0,16.0,19.0,9.0,1.0,0.84,22.0,0.0,nan,6.0,9.0,0.0,13.0,0.0,0.0,0.0,0.0,0.0,59,21.0,56.0,37.5,2.0,13.0,15.4,19.0,43.0,0.442,1.0,15.0,25.0,60.0,9.0,16.0,25.0,10.0,13.0,10.0,0.0,0.77,25.0,0.0,nan,4.0,10.0,1.0,17.0,3.0,0.0,0.0,0.0,0.0,True
2015-11-29,True,nan,UC IrvineAnteaters,nan,nan,6.0,5.0,4000.0,75,26.0,47.0,55.3,4.0,11.0,36.4,22.0,36.0,0.611,3.0,19.0,23.0,82.6,3.0,34.0,37.0,23.0,12.0,3.0,6.0,1.92,18.0,0.0,nan,nan,3.0,0.0,4.0,2.0,0.0,0.0,0.0,0.0,56,20.0,62.0,32.3,3.0,15.0,20.0,17.0,47.0,0.362,6.0,13.0,19.0,68.4,6.0,20.0,26.0,16.0,5.0,3.0,3.0,3.2,16.0,0.0,nan,nan,6.0,0.0,8.0,4.0,0.0,0.0,0.0,0.0,True
2015-01-28,True,nan,Indiana StateSycamores,nan,4054.0,5.0,4.0,10000.0,89,25.0,47.0,53.2,6.0,10.0,60.0,19.0,37.0,0.514,1.0,33.0,41.0,80.5,5.0,22.0,27.0,18.0,11.0,5.0,5.0,1.64,21.0,nan,nan,2.0,3.0,0.0,15.0,4.0,0.0,0.0,0.0,0.0,78,25.0,58.0,43.1,10.0,23.0,43.5,15.0,35.0,0.429,5.0,18.0,22.0,81.8,7.0,21.0,28.0,18.0,12.0,4.0,1.0,1.5,29.0,nan,nan,5.0,12.0,0.0,15.0,4.0,0.0,0.0,0.0,1.0,True
2015-01-17,True,nan,Wichita StateShockers,nan,7015.0,0.0,1.0,10000.0,41,15.0,50.0,30.0,2.0,8.0,25.0,13.0,42.0,0.31,8.0,9.0,12.0,75.0,2.0,18.0,20.0,9.0,14.0,4.0,6.0,0.64,19.0,nan,nan,6.0,2.0,0.0,12.0,6.0,0.0,0.0,0.0,0.0,61,19.0,46.0,41.3,4.0,11.0,36.4,15.0,35.0,0.429,6.0,19.0,24.0,79.2,6.0,29.0,35.0,9.0,14.0,7.0,8.0,0.64,17.0,nan,nan,nan,6.0,0.0,12.0,4.0,0.0,0.0,0.0,0.0,False
2015-01-02,True,nan,Northern IowaPanthers,nan,5151.0,3.0,4.0,10000.0,52,16.0,49.0,32.7,1.0,11.0,9.1,15.0,38.0,0.395,7.0,19.0,25.0,76.0,10.0,20.0,30.0,8.0,10.0,4.0,4.0,0.8,14.0,nan,nan,4.0,7.0,1.0,18.0,6.0,0.0,0.0,0.0,0.0,49,19.0,43.0,44.2,5.0,18.0,27.8,14.0,25.0,0.56,3.0,6.0,7.0,85.7,3.0,22.0,25.0,8.0,12.0,5.0,7.0,0.67,19.0,nan,nan,2.0,2.0,0.0,10.0,2.0,0.0,0.0,0.0,0.0,True
2015-02-28,True,nan,Illinois StateRedbirds,nan,5491.0,3.0,5.0,10000.0,67,23.0,57.0,40.4,2.0,8.0,25.0,21.0,49.0,0.429,3.0,19.0,25.0,76.0,9.0,21.0,30.0,11.0,11.0,7.0,1.0,1.0,15.0,nan,nan,2.0,10.0,0.0,19.0,1.0,0.0,0.0,0.0,0.0,69,29.0,69.0,42.0,4.0,16.0,25.0,25.0,53.0,0.472,1.0,7.0,9.0,77.8,18.0,26.0,44.0,15.0,16.0,7.0,3.0,0.94,24.0,nan,nan,nan,10.0,0.0,11.0,5.0,0.0,0.0,0.0,0.0,False
2016-01-20,True,nan,Loyola (IL)Ramblers,nan,4014.0,3.0,4.0,10000.0,74,27.0,47.0,57.4,3.0,6.0,50.0,24.0,41.0,0.585,4.0,17.0,20.0,85.0,4.0,26.0,30.0,19.0,14.0,3.0,1.0,1.36,12.0,0.0,nan,2.0,4.0,0.0,16.0,1.0,0.0,0.0,0.0,0.0,66,27.0,61.0,44.3,5.0,21.0,23.8,22.0,40.0,0.55,1.0,7.0,9.0,77.8,6.0,16.0,22.0,12.0,9.0,7.0,4.0,1.33,19.0,0.0,nan,0.0,10.0,1.0,22.0,3.0,0.0,0.0,1.0,0.0,True
2016-01-31,True,nan,Wichita StateShockers,nan,10034.0,2.0,1.0,10000.0,65,16.0,46.0,34.8,4.0,12.0,33.3,12.0,34.0,0.353,9.0,29.0,38.0,76.3,4.0,28.0,32.0,8.0,17.0,5.0,5.0,0.47,25.0,0.0,nan,6.0,7.0,1.0,16.0,3.0,0.0,0.0,0.0,0.0,78,24.0,62.0,38.7,6.0,21.0,28.6,18.0,41.0,0.439,5.0,24.0,27.0,88.9,10.0,30.0,40.0,9.0,15.0,5.0,9.0,0.6,32.0,0.0,nan,6.0,8.0,0.0,20.0,3.0,0.0,0.0,0.0,0.0,False
2015-12-12,True,nan,Mississippi Valley StateDelta Devils,nan,4251.0,1.0,3.0,10000.0,95,28.0,69.0,40.6,9.0,19.0,47.4,19.0,50.0,0.38,4.0,30.0,43.0,69.8,17.0,39.0,56.0,21.0,9.0,7.0,9.0,2.33,22.0,0.0,nan,14.0,13.0,1.0,15.0,2.0,0.0,0.0,0.0,0.0,60,17.0,58.0,29.3,5.0,18.0,27.8,12.0,40.0,0.3,9.0,21.0,31.0,67.7,6.0,29.0,35.0,10.0,16.0,8.0,4.0,0.63,29.0,0.0,nan,4.0,5.0,1.0,15.0,3.0,0.0,0.0,0.0,0.0,True
2015-11-21,True,nan,BelmontBruins,nan,4227.0,4.0,5.0,10000.0,93,31.0,60.0,51.7,6.0,12.0,50.0,25.0,48.0,0.521,1.0,25.0,38.0,65.8,9.0,23.0,32.0,23.0,9.0,8.0,1.0,2.56,17.0,0.0,nan,2.0,10.0,0.0,16.0,2.0,0.0,0.0,0.0,0.0,88,35.0,63.0,55.6,9.0,30.0,30.0,26.0,33.0,0.788,1.0,9.0,13.0,69.2,5.0,24.0,29.0,24.0,15.0,5.0,1.0,1.6,28.0,0.0,nan,6.0,5.0,0.0,17.0,1.0,0.0,0.0,0.0,0.0,True
2015-12-18,True,nan,Norfolk StateSpartans,nan,3883.0,4.0,6.0,10000.0,84,30.0,50.0,60.0,7.0,15.0,46.7,23.0,35.0,0.657,5.0,17.0,19.0,89.5,5.0,16.0,21.0,23.0,12.0,6.0,2.0,1.92,13.0,0.0,nan,4.0,12.0,0.0,13.0,6.0,0.0,0.0,0.0,0.0,70,26.0,50.0,52.0,6.0,16.0,37.5,20.0,34.0,0.588,2.0,12.0,14.0,85.7,6.0,13.0,19.0,8.0,12.0,9.0,6.0,0.67,19.0,0.0,nan,4.0,10.0,1.0,14.0,2.0,0.0,0.0,0.0,0.0,True
2015-12-02,True,nan,Alabama StateHornets,nan,3702.0,0.0,0.0,10000.0,88,35.0,51.0,68.6,5.0,9.0,55.6,30.0,42.0,0.714,5.0,13.0,22.0,59.1,3.0,30.0,33.0,26.0,12.0,4.0,5.0,2.17,12.0,0.0,nan,16.0,7.0,0.0,14.0,4.0,0.0,0.0,0.0,0.0,56,21.0,64.0,32.8,7.0,19.0,36.8,14.0,45.0,0.311,5.0,7.0,13.0,53.8,9.0,16.0,25.0,11.0,12.0,6.0,5.0,0.92,20.0,0.0,nan,6.0,9.0,0.0,19.0,4.0,0.0,0.0,0.0,0.0,True
2014-02-16,True,nan,Wichita StateShockers,True,8802.0,0.0,0.0,10000.0,68,24.0,47.0,51.1,5.0,11.0,45.5,19.0,36.0,52.8,4.0,15.0,16.0,93.8,2.0,23.0,25.0,20.0,17.0,3.0,2.0,1.18,19.0,nan,nan,4.0,4.0,1.0,2.0,3.0,1.0,0.0,0.0,0.0,84,28.0,57.0,49.1,8.0,19.0,42.1,20.0,38.0,52.6,2.0,20.0,21.0,95.2,6.0,19.0,25.0,13.0,8.0,14.0,4.0,1.63,15.0,nan,nan,10.0,10.0,0.0,23.0,1.0,0.0,0.0,0.0,0.0,False
2015-12-31,True,nan,Indiana StateSycamores,nan,7801.0,10.0,8.0,10000.0,70,22.0,49.0,44.9,4.0,16.0,25.0,18.0,33.0,0.545,4.0,22.0,41.0,53.7,9.0,35.0,44.0,17.0,14.0,2.0,4.0,1.21,18.0,0.0,nan,4.0,8.0,0.0,6.0,4.0,0.0,0.0,0.0,0.0,62,23.0,68.0,33.8,8.0,27.0,29.6,15.0,41.0,0.366,4.0,8.0,14.0,57.1,10.0,27.0,37.0,8.0,12.0,6.0,4.0,0.67,28.0,0.0,nan,8.0,11.0,0.0,13.0,4.0,0.0,0.0,0.0,0.0,True
2015-02-11,True,nan,Missouri StateBears,nan,3502.0,8.0,13.0,10000.0,73,24.0,51.0,47.1,4.0,15.0,26.7,20.0,36.0,0.556,2.0,21.0,27.0,77.8,2.0,15.0,17.0,20.0,3.0,7.0,3.0,6.67,17.0,nan,nan,6.0,3.0,0.0,22.0,4.0,0.0,0.0,0.0,0.0,66,24.0,50.0,48.0,3.0,11.0,27.3,21.0,39.0,0.538,3.0,15.0,21.0,71.4,9.0,24.0,33.0,14.0,13.0,1.0,2.0,1.08,19.0,nan,nan,nan,10.0,2.0,nan,3.0,0.0,0.0,0.0,0.0,True
2016-02-06,True,nan,Missouri StateBears,nan,4556.0,0.0,0.0,10000.0,83,25.0,56.0,44.6,6.0,19.0,31.6,19.0,37.0,0.514,2.0,27.0,31.0,87.1,9.0,26.0,35.0,16.0,12.0,3.0,6.0,1.33,15.0,0.0,nan,0.0,17.0,0.0,15.0,5.0,0.0,0.0,0.0,0.0,64,23.0,64.0,35.9,6.0,20.0,30.0,17.0,44.0,0.386,6.0,12.0,16.0,75.0,13.0,18.0,31.0,11.0,15.0,6.0,2.0,0.73,27.0,0.0,nan,6.0,17.0,0.0,11.0,3.0,0.0,0.0,0.0,0.0,True
2016-01-13,True,nan,DrakeBulldogs,nan,4011.0,0.0,0.0,10000.0,84,32.0,60.0,53.3,3.0,10.0,30.0,29.0,50.0,0.58,3.0,17.0,22.0,77.3,11.0,24.0,35.0,16.0,10.0,7.0,3.0,1.6,15.0,0.0,nan,14.0,16.0,0.0,16.0,0.0,0.0,0.0,0.0,0.0,65,23.0,53.0,43.4,6.0,15.0,40.0,17.0,38.0,0.447,3.0,13.0,15.0,86.7,3.0,21.0,24.0,10.0,14.0,6.0,3.0,0.71,20.0,0.0,nan,0.0,10.0,1.0,8.0,2.0,0.0,0.0,0.0,0.0,True
2015-01-24,True,nan,Southern IllinoisSalukis,nan,5521.0,1.0,1.0,10000.0,75,17.0,35.0,48.6,6.0,13.0,46.2,11.0,22.0,0.5,2.0,35.0,43.0,81.4,4.0,21.0,25.0,11.0,14.0,4.0,3.0,0.79,22.0,nan,nan,7.0,5.0,1.0,16.0,0.0,0.0,0.0,0.0,0.0,66,20.0,48.0,41.7,4.0,8.0,50.0,16.0,40.0,0.4,3.0,22.0,27.0,81.5,10.0,17.0,27.0,8.0,15.0,9.0,2.0,0.53,31.0,nan,nan,4.0,7.0,0.0,12.0,0.0,0.0,0.0,0.0,0.0,True
2016-02-27,True,nan,Northern IowaPanthers,nan,6552.0,1.0,0.0,10000.0,52,18.0,47.0,38.3,5.0,16.0,31.3,13.0,31.0,0.419,2.0,11.0,13.0,84.6,5.0,25.0,30.0,13.0,12.0,6.0,2.0,1.08,12.0,0.0,nan,2.0,2.0,1.0,8.0,1.0,0.0,1.0,0.0,0.0,54,18.0,46.0,39.1,6.0,15.0,40.0,12.0,31.0,0.387,2.0,12.0,13.0,92.3,3.0,23.0,26.0,9.0,12.0,7.0,3.0,0.75,11.0,0.0,nan,0.0,0.0,1.0,17.0,2.0,0.0,0.0,0.0,0.0,False
2016-01-09,True,nan,BradleyBraves,nan,5873.0,0.0,0.0,10000.0,67,25.0,47.0,53.2,5.0,9.0,55.6,20.0,38.0,0.526,2.0,12.0,22.0,54.5,5.0,26.0,31.0,15.0,14.0,3.0,6.0,1.07,16.0,0.0,nan,6.0,0.0,0.0,19.0,3.0,0.0,0.0,0.0,0.0,35,12.0,46.0,26.1,4.0,17.0,23.5,8.0,29.0,0.276,5.0,7.0,11.0,63.6,7.0,17.0,24.0,5.0,18.0,5.0,2.0,0.28,23.0,0.0,nan,2.0,9.0,1.0,11.0,5.0,0.0,0.0,0.0,0.0,True
2015-01-08,True,nan,Loyola (IL)Ramblers,nan,4321.0,19.0,10.0,10000.0,70,27.0,47.0,57.4,1.0,7.0,14.3,26.0,40.0,0.65,3.0,15.0,18.0,83.3,5.0,20.0,25.0,17.0,9.0,3.0,3.0,1.89,16.0,nan,nan,4.0,11.0,0.0,10.0,1.0,0.0,0.0,0.0,0.0,71,28.0,55.0,50.9,8.0,22.0,36.4,20.0,33.0,0.606,3.0,7.0,11.0,63.6,8.0,16.0,24.0,14.0,8.0,4.0,3.0,1.75,16.0,nan,nan,nan,12.0,1.0,10.0,2.0,0.0,0.0,0.0,0.0,False
2016-02-20,True,nan,Southern IllinoisSalukis,nan,7163.0,0.0,0.0,10000.0,83,30.0,55.0,54.5,4.0,15.0,26.7,26.0,40.0,0.65,1.0,19.0,22.0,86.4,5.0,27.0,32.0,18.0,12.0,3.0,5.0,1.5,16.0,0.0,nan,6.0,7.0,0.0,13.0,2.0,0.0,0.0,0.0,0.0,71,25.0,68.0,36.8,10.0,26.0,38.5,15.0,42.0,0.357,5.0,11.0,12.0,91.7,10.0,21.0,31.0,12.0,13.0,6.0,1.0,0.92,22.0,0.0,nan,2.0,12.0,0.0,10.0,5.0,0.0,0.0,0.0,0.0,True
2016-02-12,True,nan,Illinois StateRedbirds,nan,4195.0,9.0,5.0,10000.0,60,19.0,50.0,38.0,3.0,13.0,23.1,16.0,37.0,0.432,2.0,19.0,30.0,63.3,10.0,23.0,33.0,9.0,18.0,1.0,4.0,0.5,17.0,0.0,nan,4.0,5.0,0.0,8.0,2.0,0.0,0.0,0.0,0.0,70,24.0,59.0,40.7,7.0,21.0,33.3,17.0,38.0,0.447,4.0,15.0,16.0,93.8,9.0,29.0,38.0,16.0,12.0,7.0,2.0,1.33,27.0,0.0,nan,0.0,13.0,2.0,15.0,1.0,0.0,0.0,0.0,0.0,False
2015-12-23,True,nan,Alabama A&MBulldogs,nan,4746.0,0.0,0.0,10000.0,91,34.0,51.0,66.7,4.0,8.0,50.0,30.0,43.0,0.698,1.0,19.0,24.0,79.2,6.0,29.0,35.0,23.0,17.0,6.0,4.0,1.35,24.0,0.0,nan,18.0,8.0,0.0,22.0,2.0,0.0,0.0,0.0,0.0,70,26.0,64.0,40.6,4.0,17.0,23.5,22.0,47.0,0.468,3.0,14.0,19.0,73.7,7.0,13.0,20.0,12.0,13.0,8.0,1.0,0.92,22.0,0.0,nan,2.0,17.0,0.0,15.0,5.0,0.0,0.0,0.0,0.0,True
2015-11-15,True,nan,Southeast Missouri StateRedhawks,nan,3893.0,3.0,3.0,10000.0,80,24.0,54.0,44.4,4.0,15.0,26.7,20.0,39.0,0.513,2.0,28.0,34.0,82.4,8.0,34.0,42.0,17.0,14.0,2.0,9.0,1.21,23.0,0.0,nan,6.0,12.0,0.0,9.0,5.0,0.0,0.0,0.0,0.0,65,25.0,59.0,42.4,5.0,14.0,35.7,20.0,45.0,0.444,9.0,10.0,22.0,45.5,3.0,20.0,23.0,14.0,9.0,7.0,2.0,1.56,27.0,0.0,nan,6.0,7.0,1.0,18.0,7.0,0.0,0.0,0.0,0.0,True
2015-11-18,True,nan,Marian (IN)Knights,nan,3463.0,4.0,1.0,10000.0,84,32.0,61.0,52.5,1.0,11.0,9.1,31.0,50.0,0.62,5.0,19.0,29.0,65.5,9.0,26.0,35.0,22.0,10.0,7.0,2.0,2.2,18.0,0.0,nan,14.0,10.0,0.0,27.0,5.0,0.0,0.0,0.0,0.0,59,19.0,55.0,34.5,7.0,25.0,28.0,12.0,30.0,0.4,2.0,14.0,19.0,73.7,7.0,19.0,26.0,12.0,17.0,4.0,5.0,0.71,24.0,0.0,nan,2.0,3.0,1.0,10.0,5.0,0.0,0.0,0.0,0.0,True
2015-03-31,True,nan,Tennessee-MartinSkyhawks,nan,3008.0,6.0,4.0,10000.0,79,32.0,56.0,57.1,8.0,19.0,42.1,24.0,37.0,0.649,3.0,7.0,8.0,87.5,2.0,25.0,27.0,23.0,9.0,8.0,2.0,2.56,11.0,nan,nan,14.0,4.0,0.0,17.0,3.0,0.0,0.0,0.0,0.0,66,24.0,55.0,43.6,13.0,27.0,48.1,11.0,28.0,0.393,2.0,5.0,7.0,71.4,6.0,20.0,26.0,14.0,13.0,4.0,3.0,1.08,8.0,nan,nan,nan,6.0,1.0,9.0,1.0,0.0,0.0,0.0,0.0,True
2015-04-02,True,nan,Northern ArizonaLumberjacks,nan,4549.0,14.0,7.0,10000.0,71,25.0,56.0,44.6,1.0,10.0,10.0,24.0,46.0,0.522,5.0,20.0,27.0,74.1,6.0,21.0,27.0,12.0,8.0,8.0,5.0,1.5,14.0,nan,nan,6.0,13.0,0.0,12.0,6.0,0.0,0.0,0.0,0.0,65,24.0,61.0,39.3,4.0,15.0,26.7,20.0,46.0,0.435,5.0,13.0,16.0,81.3,14.0,23.0,37.0,11.0,14.0,5.0,5.0,0.79,22.0,nan,nan,4.0,15.0,0.0,10.0,3.0,0.0,0.0,0.0,0.0,True
2014-03-07,False,nan,Wichita StateShockers,False,nan,0.0,0.0,21000.0,58,21.0,57.0,36.8,7.0,16.0,43.8,14.0,41.0,34.1,11.0,9.0,13.0,69.2,10.0,18.0,28.0,9.0,12.0,4.0,3.0,0.75,20.0,nan,nan,5.0,11.0,0.0,2.0,8.0,0.0,0.0,0.0,0.0,80,28.0,55.0,50.9,10.0,21.0,47.6,18.0,34.0,52.9,3.0,14.0,25.0,56.0,12.0,21.0,33.0,13.0,9.0,9.0,11.0,1.44,14.0,nan,nan,10.0,11.0,0.0,17.0,3.0,0.0,0.0,0.0,0.0,False
2015-03-06,False,nan,Illinois StateRedbirds,nan,9015.0,4.0,8.0,21000.0,67,21.0,49.0,42.9,5.0,14.0,35.7,16.0,35.0,0.457,4.0,20.0,27.0,74.1,6.0,16.0,22.0,16.0,11.0,6.0,2.0,1.45,24.0,nan,nan,2.0,5.0,0.0,14.0,9.0,0.0,0.0,0.0,0.0,71,23.0,49.0,46.9,8.0,19.0,42.1,15.0,30.0,0.5,2.0,17.0,26.0,65.4,4.0,24.0,28.0,16.0,13.0,6.0,4.0,1.23,24.0,nan,nan,4.0,4.0,0.0,15.0,4.0,0.0,0.0,0.0,0.0,False
2016-03-06,True,nan,Northern IowaPanthers,nan,9765.0,5.0,3.0,21000.0,54,20.0,54.0,37.0,6.0,22.0,27.3,14.0,32.0,0.438,5.0,8.0,13.0,61.5,8.0,24.0,32.0,12.0,6.0,3.0,4.0,2.0,14.0,0.0,nan,2.0,5.0,1.0,5.0,4.0,0.0,0.0,0.0,0.0,56,21.0,47.0,44.7,6.0,18.0,33.3,15.0,29.0,0.517,4.0,8.0,12.0,66.7,1.0,28.0,29.0,6.0,6.0,4.0,5.0,1.0,13.0,0.0,nan,0.0,2.0,0.0,10.0,1.0,0.0,0.0,0.0,0.0,False
2016-03-05,True,nan,Indiana StateSycamores,nan,14299.0,0.0,0.0,21000.0,68,23.0,56.0,41.1,6.0,16.0,37.5,17.0,40.0,0.425,5.0,16.0,24.0,66.7,12.0,29.0,41.0,15.0,7.0,4.0,5.0,2.14,19.0,0.0,nan,2.0,15.0,0.0,9.0,5.0,0.0,0.0,0.0,0.0,42,14.0,55.0,25.5,1.0,16.0,6.3,13.0,39.0,0.333,5.0,13.0,20.0,65.0,11.0,25.0,36.0,3.0,10.0,3.0,5.0,0.3,21.0,0.0,nan,2.0,8.0,0.0,2.0,2.0,0.0,0.0,0.0,0.0,True
2016-03-05,True,nan,Missouri StateBears,nan,nan,1.0,5.0,21000.0,66,23.0,57.0,40.4,5.0,15.0,33.3,18.0,42.0,0.429,7.0,15.0,18.0,83.3,8.0,28.0,36.0,12.0,8.0,5.0,2.0,1.5,15.0,0.0,nan,2.0,9.0,0.0,12.0,2.0,0.0,0.0,0.0,0.0,56,24.0,61.0,39.3,4.0,17.0,23.5,20.0,44.0,0.455,2.0,4.0,10.0,40.0,11.0,26.0,37.0,14.0,12.0,5.0,7.0,1.17,16.0,0.0,nan,2.0,10.0,0.0,0.0,2.0,0.0,0.0,0.0,0.0,True
2014-01-11,False,nan,Southern IllinoisSalukis,True,nan,nan,nan,8339.0,75,nan,nan,nan,nan,nan,nan,nan,nan,nan,nan,nan,nan,nan,nan,nan,nan,nan,nan,nan,nan,nan,nan,nan,nan,nan,nan,nan,nan,nan,nan,nan,nan,nan,69,nan,nan,nan,nan,nan,nan,nan,nan,nan,nan,nan,nan,nan,nan,nan,nan,nan,nan,nan,nan,nan,nan,nan,nan,nan,nan,nan,nan,nan,nan,nan,nan,nan,True
2014-01-02,False,nan,DrakeBulldogs,True,nan,nan,nan,7152.0,66,nan,nan,nan,nan,nan,nan,nan,nan,nan,nan,nan,nan,nan,nan,nan,nan,nan,nan,nan,nan,nan,nan,nan,nan,nan,nan,nan,nan,nan,nan,nan,nan,nan,94,nan,nan,nan,nan,nan,nan,nan,nan,nan,nan,nan,nan,nan,nan,nan,nan,nan,nan,nan,nan,nan,nan,nan,nan,nan,nan,nan,nan,nan,nan,nan,nan,nan,False
2014-03-01,False,nan,Loyola (IL)Ramblers,True,nan,nan,nan,4486.0,75,nan,nan,nan,nan,nan,nan,nan,nan,nan,nan,nan,nan,nan,nan,nan,nan,nan,nan,nan,nan,nan,nan,nan,nan,nan,nan,nan,nan,nan,nan,nan,nan,nan,72,nan,nan,nan,nan,nan,nan,nan,nan,nan,nan,nan,nan,nan,nan,nan,nan,nan,nan,nan,nan,nan,nan,nan,nan,nan,nan,nan,nan,nan,nan,nan,nan,nan,True
2014-01-30,False,nan,Northern IowaPanthers,True,nan,nan,nan,6650.0,81,nan,nan,nan,nan,nan,nan,nan,nan,nan,nan,nan,nan,nan,nan,nan,nan,nan,nan,nan,nan,nan,nan,nan,nan,nan,nan,nan,nan,nan,nan,nan,nan,nan,95,nan,nan,nan,nan,nan,nan,nan,nan,nan,nan,nan,nan,nan,nan,nan,nan,nan,nan,nan,nan,nan,nan,nan,nan,nan,nan,nan,nan,nan,nan,nan,nan,nan,False
2013-11-30,False,nan,OhioBobcats,False,nan,nan,nan,13080.0,59,nan,nan,nan,nan,nan,nan,nan,nan,nan,nan,nan,nan,nan,nan,nan,nan,nan,nan,nan,nan,nan,nan,nan,nan,nan,nan,nan,nan,nan,nan,nan,nan,nan,81,nan,nan,nan,nan,nan,nan,nan,nan,nan,nan,nan,nan,nan,nan,nan,nan,nan,nan,nan,nan,nan,nan,nan,nan,nan,nan,nan,nan,nan,nan,nan,nan,nan,False
2014-02-20,False,nan,Indiana StateSycamores,True,nan,nan,nan,10200.0,54,nan,nan,nan,nan,nan,nan,nan,nan,nan,nan,nan,nan,nan,nan,nan,nan,nan,nan,nan,nan,nan,nan,nan,nan,nan,nan,nan,nan,nan,nan,nan,nan,nan,59,nan,nan,nan,nan,nan,nan,nan,nan,nan,nan,nan,nan,nan,nan,nan,nan,nan,nan,nan,nan,nan,nan,nan,nan,nan,nan,nan,nan,nan,nan,nan,nan,nan,False
2014-02-09,False,nan,BradleyBraves,True,nan,nan,nan,11433.0,66,nan,nan,nan,nan,nan,nan,nan,nan,nan,nan,nan,nan,nan,nan,nan,nan,nan,nan,nan,nan,nan,nan,nan,nan,nan,nan,nan,nan,nan,nan,nan,nan,nan,83,nan,nan,nan,nan,nan,nan,nan,nan,nan,nan,nan,nan,nan,nan,nan,nan,nan,nan,nan,nan,nan,nan,nan,nan,nan,nan,nan,nan,nan,nan,nan,nan,nan,False
2014-01-16,False,nan,Illinois StateRedbirds,True,nan,nan,nan,10200.0,78,nan,nan,nan,nan,nan,nan,nan,nan,nan,nan,nan,nan,nan,nan,nan,nan,nan,nan,nan,nan,nan,nan,nan,nan,nan,nan,nan,nan,nan,nan,nan,nan,nan,79,nan,nan,nan,nan,nan,nan,nan,nan,nan,nan,nan,nan,nan,nan,nan,nan,nan,nan,nan,nan,nan,nan,nan,nan,nan,nan,nan,nan,nan,nan,nan,nan,nan,False
2013-11-13,False,nan,IUPUIJaguars,False,nan,nan,nan,1215.0,84,nan,nan,nan,nan,nan,nan,nan,nan,nan,nan,nan,nan,nan,nan,nan,nan,nan,nan,nan,nan,nan,nan,nan,nan,nan,nan,nan,nan,nan,nan,nan,nan,nan,78,nan,nan,nan,nan,nan,nan,nan,nan,nan,nan,nan,nan,nan,nan,nan,nan,nan,nan,nan,nan,nan,nan,nan,nan,nan,nan,nan,nan,nan,nan,nan,nan,nan,True
2013-12-14,False,nan,Jackson StateTigers,False,nan,nan,nan,8000.0,51,nan,nan,nan,nan,nan,nan,nan,nan,nan,nan,nan,nan,nan,nan,nan,nan,nan,nan,nan,nan,nan,nan,nan,nan,nan,nan,nan,nan,nan,nan,nan,nan,nan,57,nan,nan,nan,nan,nan,nan,nan,nan,nan,nan,nan,nan,nan,nan,nan,nan,nan,nan,nan,nan,nan,nan,nan,nan,nan,nan,nan,nan,nan,nan,nan,nan,nan,False
2013-12-05,False,nan,Murray StateRacers,False,nan,nan,nan,8602.0,63,nan,nan,nan,nan,nan,nan,nan,nan,nan,nan,nan,nan,nan,nan,nan,nan,nan,nan,nan,nan,nan,nan,nan,nan,nan,nan,nan,nan,nan,nan,nan,nan,nan,65,nan,nan,nan,nan,nan,nan,nan,nan,nan,nan,nan,nan,nan,nan,nan,nan,nan,nan,nan,nan,nan,nan,nan,nan,nan,nan,nan,nan,nan,nan,nan,nan,nan,False
2014-01-22,False,nan,Missouri StateBears,True,nan,nan,nan,11000.0,61,nan,nan,nan,nan,nan,nan,nan,nan,nan,nan,nan,nan,nan,nan,nan,nan,nan,nan,nan,nan,nan,nan,nan,nan,nan,nan,nan,nan,nan,nan,nan,nan,nan,64,nan,nan,nan,nan,nan,nan,nan,nan,nan,nan,nan,nan,nan,nan,nan,nan,nan,nan,nan,nan,nan,nan,nan,nan,nan,nan,nan,nan,nan,nan,nan,nan,nan,False
2014-01-09,True,nan,Northern IowaPanthers,True,nan,nan,nan,10000.0,53,nan,nan,nan,nan,nan,nan,nan,nan,nan,nan,nan,nan,nan,nan,nan,nan,nan,nan,nan,nan,nan,nan,nan,nan,nan,nan,nan,nan,nan,nan,nan,nan,nan,80,nan,nan,nan,nan,nan,nan,nan,nan,nan,nan,nan,nan,nan,nan,nan,nan,nan,nan,nan,nan,nan,nan,nan,nan,nan,nan,nan,nan,nan,nan,nan,nan,nan,False
2014-02-23,True,nan,Southern IllinoisSalukis,True,nan,nan,nan,10000.0,56,nan,nan,nan,nan,nan,nan,nan,nan,nan,nan,nan,nan,nan,nan,nan,nan,nan,nan,nan,nan,nan,nan,nan,nan,nan,nan,nan,nan,nan,nan,nan,nan,nan,61,nan,nan,nan,nan,nan,nan,nan,nan,nan,nan,nan,nan,nan,nan,nan,nan,nan,nan,nan,nan,nan,nan,nan,nan,nan,nan,nan,nan,nan,nan,nan,nan,nan,False
2014-01-18,True,nan,Loyola (IL)Ramblers,True,nan,nan,nan,10000.0,53,nan,nan,nan,nan,nan,nan,nan,nan,nan,nan,nan,nan,nan,nan,nan,nan,nan,nan,nan,nan,nan,nan,nan,nan,nan,nan,nan,nan,nan,nan,nan,nan,nan,48,nan,nan,nan,nan,nan,nan,nan,nan,nan,nan,nan,nan,nan,nan,nan,nan,nan,nan,nan,nan,nan,nan,nan,nan,nan,nan,nan,nan,nan,nan,nan,nan,nan,True
2014-02-26,True,nan,DrakeBulldogs,True,nan,nan,nan,10000.0,61,nan,nan,nan,nan,nan,nan,nan,nan,nan,nan,nan,nan,nan,nan,nan,nan,nan,nan,nan,nan,nan,nan,nan,nan,nan,nan,nan,nan,nan,nan,nan,nan,nan,48,nan,nan,nan,nan,nan,nan,nan,nan,nan,nan,nan,nan,nan,nan,nan,nan,nan,nan,nan,nan,nan,nan,nan,nan,nan,nan,nan,nan,nan,nan,nan,nan,nan,True
2014-02-13,True,nan,Illinois StateRedbirds,True,nan,nan,nan,10000.0,104,nan,nan,nan,nan,nan,nan,nan,nan,nan,nan,nan,nan,nan,nan,nan,nan,nan,nan,nan,nan,nan,nan,nan,nan,nan,nan,nan,nan,nan,nan,nan,nan,nan,98,nan,nan,nan,nan,nan,nan,nan,nan,nan,nan,nan,nan,nan,nan,nan,nan,nan,nan,nan,nan,nan,nan,nan,nan,nan,nan,nan,nan,nan,nan,nan,nan,nan,True
2013-11-21,True,nan,ValparaisoCrusaders,False,nan,nan,nan,10000.0,100,nan,nan,nan,nan,nan,nan,nan,nan,nan,nan,nan,nan,nan,nan,nan,nan,nan,nan,nan,nan,nan,nan,nan,nan,nan,nan,nan,nan,nan,nan,nan,nan,nan,92,nan,nan,nan,nan,nan,nan,nan,nan,nan,nan,nan,nan,nan,nan,nan,nan,nan,nan,nan,nan,nan,nan,nan,nan,nan,nan,nan,nan,nan,nan,nan,nan,nan,True
2014-01-26,True,nan,BradleyBraves,True,nan,nan,nan,10000.0,66,nan,nan,nan,nan,nan,nan,nan,nan,nan,nan,nan,nan,nan,nan,nan,nan,nan,nan,nan,nan,nan,nan,nan,nan,nan,nan,nan,nan,nan,nan,nan,nan,nan,60,nan,nan,nan,nan,nan,nan,nan,nan,nan,nan,nan,nan,nan,nan,nan,nan,nan,nan,nan,nan,nan,nan,nan,nan,nan,nan,nan,nan,nan,nan,nan,nan,nan,True
2013-11-19,True,nan,MercerBears,False,nan,nan,nan,10000.0,89,nan,nan,nan,nan,nan,nan,nan,nan,nan,nan,nan,nan,nan,nan,nan,nan,nan,nan,nan,nan,nan,nan,nan,nan,nan,nan,nan,nan,nan,nan,nan,nan,nan,76,nan,nan,nan,nan,nan,nan,nan,nan,nan,nan,nan,nan,nan,nan,nan,nan,nan,nan,nan,nan,nan,nan,nan,nan,nan,nan,nan,nan,nan,nan,nan,nan,nan,True
2014-01-05,True,nan,Indiana StateSycamores,True,nan,nan,nan,10000.0,62,nan,nan,nan,nan,nan,nan,nan,nan,nan,nan,nan,nan,nan,nan,nan,nan,nan,nan,nan,nan,nan,nan,nan,nan,nan,nan,nan,nan,nan,nan,nan,nan,nan,81,nan,nan,nan,nan,nan,nan,nan,nan,nan,nan,nan,nan,nan,nan,nan,nan,nan,nan,nan,nan,nan,nan,nan,nan,nan,nan,nan,nan,nan,nan,nan,nan,nan,False
2013-12-28,True,nan,Grambling StateTigers,False,nan,nan,nan,10000.0,96,nan,nan,nan,nan,nan,nan,nan,nan,nan,nan,nan,nan,nan,nan,nan,nan,nan,nan,nan,nan,nan,nan,nan,nan,nan,nan,nan,nan,nan,nan,nan,nan,nan,61,nan,nan,nan,nan,nan,nan,nan,nan,nan,nan,nan,nan,nan,nan,nan,nan,nan,nan,nan,nan,nan,nan,nan,nan,nan,nan,nan,nan,nan,nan,nan,nan,nan,True
2013-12-07,True,nan,Miami (OH)RedHawks,False,nan,nan,nan,10000.0,78,nan,nan,nan,nan,nan,nan,nan,nan,nan,nan,nan,nan,nan,nan,nan,nan,nan,nan,nan,nan,nan,nan,nan,nan,nan,nan,nan,nan,nan,nan,nan,nan,nan,65,nan,nan,nan,nan,nan,nan,nan,nan,nan,nan,nan,nan,nan,nan,nan,nan,nan,nan,nan,nan,nan,nan,nan,nan,nan,nan,nan,nan,nan,nan,nan,nan,nan,True
2014-02-06,True,nan,Missouri StateBears,True,nan,nan,nan,10000.0,54,nan,nan,nan,nan,nan,nan,nan,nan,nan,nan,nan,nan,nan,nan,nan,nan,nan,nan,nan,nan,nan,nan,nan,nan,nan,nan,nan,nan,nan,nan,nan,nan,nan,66,nan,nan,nan,nan,nan,nan,nan,nan,nan,nan,nan,nan,nan,nan,nan,nan,nan,nan,nan,nan,nan,nan,nan,nan,nan,nan,nan,nan,nan,nan,nan,nan,nan,False
2013-11-24,True,nan,Anderson (IN)Ravens,False,nan,nan,nan,10000.0,91,nan,nan,nan,nan,nan,nan,nan,nan,nan,nan,nan,nan,nan,nan,nan,nan,nan,nan,nan,nan,nan,nan,nan,nan,nan,nan,nan,nan,nan,nan,nan,nan,nan,68,nan,nan,nan,nan,nan,nan,nan,nan,nan,nan,nan,nan,nan,nan,nan,nan,nan,nan,nan,nan,nan,nan,nan,nan,nan,nan,nan,nan,nan,nan,nan,nan,nan,True
2013-11-10,True,nan,Martin MethodistRedhawks,False,nan,nan,nan,10000.0,87,nan,nan,nan,nan,nan,nan,nan,nan,nan,nan,nan,nan,nan,nan,nan,nan,nan,nan,nan,nan,nan,nan,nan,nan,nan,nan,nan,nan,nan,nan,nan,nan,nan,69,nan,nan,nan,nan,nan,nan,nan,nan,nan,nan,nan,nan,nan,nan,nan,nan,nan,nan,nan,nan,nan,nan,nan,nan,nan,nan,nan,nan,nan,nan,nan,nan,nan,True
2014-03-07,False,nan,DrakeBulldogs,False,nan,nan,nan,21000.0,69,nan,nan,nan,nan,nan,nan,nan,nan,nan,nan,nan,nan,nan,nan,nan,nan,nan,nan,nan,nan,nan,nan,nan,nan,nan,nan,nan,nan,nan,nan,nan,nan,nan,61,nan,nan,nan,nan,nan,nan,nan,nan,nan,nan,nan,nan,nan,nan,nan,nan,nan,nan,nan,nan,nan,nan,nan,nan,nan,nan,nan,nan,nan,nan,nan,nan,nan,True
2015-02-14,False,nan,Southern IllinoisSalukis,nan,5265.0,9.0,4.0,8339.0,72,27.0,48.0,56.3,3.0,9.0,33.3,24.0,39.0,0.615,0.0,15.0,19.0,78.9,6.0,19.0,25.0,17.0,15.0,6.0,3.0,1.13,25.0,nan,nan,8.0,9.0,0.0,12.0,1.0,0.0,0.0,nan,nan,64,20.0,48.0,41.7,4.0,14.0,28.6,16.0,34.0,0.471,0.0,20.0,30.0,66.7,13.0,15.0,28.0,4.0,17.0,6.0,2.0,0.24,23.0,nan,nan,0.0,14.0,0.0,18.0,3.0,0.0,0.0,nan,nan,True
2015-01-31,False,nan,DrakeBulldogs,nan,4120.0,7.0,5.0,7152.0,65,23.0,49.0,46.9,4.0,9.0,44.4,19.0,40.0,0.475,0.0,15.0,22.0,68.2,5.0,18.0,23.0,9.0,7.0,2.0,4.0,1.29,18.0,nan,nan,6.0,3.0,0.0,11.0,3.0,0.0,0.0,nan,nan,70,23.0,42.0,54.8,7.0,15.0,46.7,16.0,27.0,0.593,0.0,17.0,25.0,68.0,2.0,20.0,22.0,11.0,12.0,3.0,1.0,0.92,17.0,nan,nan,0.0,4.0,0.0,9.0,5.0,0.0,0.0,nan,nan,False
2015-01-22,False,nan,Loyola (IL)Ramblers,nan,1278.0,8.0,0.0,4486.0,65,25.0,52.0,48.1,3.0,8.0,37.5,22.0,44.0,0.5,0.0,12.0,13.0,92.3,9.0,25.0,34.0,15.0,15.0,4.0,6.0,1.0,15.0,nan,nan,7.0,8.0,0.0,16.0,4.0,0.0,0.0,nan,nan,56,21.0,51.0,41.2,5.0,18.0,27.8,16.0,33.0,0.485,0.0,9.0,13.0,69.2,4.0,17.0,21.0,13.0,9.0,8.0,1.0,1.44,17.0,nan,nan,2.0,6.0,0.0,13.0,2.0,0.0,0.0,nan,nan,True
2014-12-10,False,nan,BelmontBruins,nan,1160.0,2.0,3.0,5085.0,65,22.0,45.0,48.9,5.0,14.0,35.7,17.0,31.0,0.548,0.0,16.0,24.0,66.7,4.0,29.0,33.0,12.0,16.0,7.0,4.0,0.75,14.0,nan,nan,2.0,3.0,1.0,9.0,0.0,0.0,0.0,nan,nan,62,22.0,60.0,36.7,11.0,31.0,35.5,11.0,29.0,0.379,0.0,7.0,9.0,77.8,9.0,23.0,32.0,11.0,17.0,7.0,2.0,0.65,15.0,nan,nan,3.0,10.0,0.0,16.0,2.0,0.0,0.0,nan,nan,True
2015-01-10,False,nan,BradleyBraves,nan,5614.0,5.0,5.0,11164.0,66,24.0,45.0,53.3,5.0,14.0,35.7,19.0,31.0,0.613,0.0,13.0,23.0,56.5,6.0,26.0,32.0,17.0,15.0,6.0,3.0,1.13,19.0,nan,nan,2.0,3.0,1.0,10.0,4.0,0.0,0.0,nan,nan,56,18.0,56.0,32.1,3.0,15.0,20.0,15.0,41.0,0.366,0.0,17.0,25.0,68.0,13.0,18.0,31.0,7.0,11.0,9.0,1.0,0.64,21.0,nan,nan,2.0,9.0,0.0,10.0,1.0,0.0,0.0,nan,nan,True
2015-12-06,False,nan,Murray StateRacers,nan,3174.0,6.0,12.0,8602.0,85,32.0,57.0,56.1,2.0,7.0,28.6,30.0,50.0,0.6,0.0,19.0,24.0,79.2,6.0,21.0,27.0,21.0,17.0,11.0,3.0,1.24,20.0,0.0,nan,4.0,8.0,0.0,22.0,4.0,0.0,0.0,nan,nan,81,28.0,55.0,50.9,10.0,21.0,47.6,18.0,34.0,0.529,0.0,15.0,17.0,88.2,3.0,22.0,25.0,15.0,17.0,7.0,1.0,0.88,19.0,0.0,nan,8.0,2.0,1.0,17.0,1.0,0.0,0.0,nan,nan,True
2014-11-24,False,nan,Fresno StateBulldogs,nan,nan,8.0,5.0,7082.0,58,18.0,47.0,38.3,5.0,18.0,27.8,13.0,29.0,0.448,0.0,17.0,25.0,68.0,6.0,19.0,25.0,14.0,10.0,4.0,2.0,1.4,17.0,nan,nan,8.0,7.0,nan,16.0,7.0,0.0,0.0,nan,nan,52,19.0,48.0,39.6,5.0,17.0,29.4,14.0,31.0,0.452,0.0,9.0,14.0,64.3,6.0,23.0,29.0,4.0,13.0,6.0,6.0,0.31,24.0,nan,nan,nan,nan,nan,nan,7.0,0.0,0.0,nan,nan,True
2014-11-25,False,nan,Green BayPhoenix,nan,nan,8.0,7.0,7082.0,62,22.0,51.0,43.1,7.0,19.0,36.8,15.0,32.0,0.469,0.0,11.0,16.0,68.8,6.0,20.0,26.0,15.0,12.0,3.0,0.0,1.25,17.0,nan,nan,2.0,6.0,0.0,14.0,5.0,0.0,0.0,0.0,nan,64,24.0,48.0,50.0,3.0,14.0,21.4,21.0,34.0,0.618,0.0,13.0,22.0,59.1,7.0,20.0,27.0,10.0,11.0,10.0,3.0,0.91,16.0,nan,nan,2.0,6.0,0.0,14.0,3.0,0.0,0.0,0.0,nan,False
2014-11-20,False,nan,Miami (OH)RedHawks,nan,826.0,0.0,1.0,6400.0,69,28.0,49.0,57.1,3.0,8.0,37.5,25.0,41.0,0.61,0.0,10.0,14.0,71.4,4.0,26.0,30.0,17.0,10.0,4.0,4.0,1.7,16.0,nan,nan,6.0,5.0,1.0,9.0,3.0,0.0,0.0,nan,nan,50,21.0,53.0,39.6,3.0,13.0,23.1,18.0,40.0,0.45,0.0,5.0,9.0,55.6,7.0,14.0,21.0,10.0,10.0,5.0,3.0,1.0,19.0,nan,nan,4.0,4.0,0.0,9.0,3.0,0.0,0.0,nan,nan,True
2015-01-15,False,nan,Missouri StateBears,nan,5097.0,8.0,4.0,11000.0,56,16.0,40.0,40.0,6.0,12.0,50.0,10.0,28.0,0.357,0.0,18.0,22.0,81.8,3.0,24.0,27.0,11.0,13.0,5.0,7.0,0.85,15.0,nan,nan,2.0,7.0,0.0,15.0,4.0,0.0,0.0,nan,nan,54,20.0,55.0,36.4,2.0,13.0,15.4,18.0,42.0,0.429,0.0,12.0,14.0,85.7,7.0,19.0,26.0,10.0,10.0,8.0,4.0,1.0,15.0,nan,nan,4.0,13.0,0.0,16.0,5.0,0.0,0.0,nan,nan,True
2014-11-26,True,nan,San FranciscoDons,nan,nan,4.0,1.0,7082.0,79,30.0,59.0,50.8,9.0,19.0,47.4,21.0,40.0,0.525,0.0,10.0,12.0,83.3,7.0,27.0,34.0,14.0,12.0,3.0,2.0,1.17,20.0,nan,nan,10.0,9.0,nan,10.0,1.0,0.0,0.0,nan,nan,72,29.0,68.0,42.6,5.0,18.0,27.8,24.0,50.0,0.48,0.0,9.0,15.0,60.0,12.0,23.0,35.0,14.0,9.0,5.0,3.0,1.56,16.0,nan,nan,2.0,18.0,0.0,14.0,4.0,0.0,0.0,nan,nan,True
2014-12-19,True,nan,OhioBobcats,nan,3610.0,11.0,9.0,10000.0,81,27.0,54.0,50.0,4.0,12.0,33.3,23.0,42.0,0.548,0.0,23.0,28.0,82.1,6.0,29.0,35.0,21.0,14.0,3.0,5.0,1.5,14.0,nan,nan,4.0,5.0,0.0,6.0,3.0,0.0,0.0,nan,nan,69,29.0,70.0,41.4,9.0,26.0,34.6,20.0,44.0,0.455,0.0,2.0,3.0,66.7,10.0,21.0,31.0,10.0,12.0,5.0,4.0,0.83,23.0,nan,nan,4.0,8.0,0.0,12.0,2.0,0.0,0.0,nan,nan,True
2014-12-21,True,nan,Alabama StateHornets,nan,3861.0,3.0,1.0,10000.0,81,29.0,58.0,50.0,7.0,18.0,38.9,22.0,40.0,0.55,0.0,16.0,22.0,72.7,9.0,23.0,32.0,21.0,11.0,8.0,2.0,1.91,16.0,nan,nan,2.0,16.0,0.0,27.0,3.0,0.0,0.0,nan,nan,63,23.0,55.0,41.8,5.0,11.0,45.5,18.0,44.0,0.409,0.0,12.0,17.0,70.6,9.0,21.0,30.0,13.0,17.0,8.0,4.0,0.76,21.0,nan,nan,2.0,6.0,0.0,13.0,1.0,0.0,0.0,nan,nan,True
2015-02-18,True,nan,DrakeBulldogs,nan,3418.0,3.0,6.0,10000.0,61,20.0,42.0,47.6,2.0,6.0,33.3,18.0,36.0,0.5,0.0,19.0,28.0,67.9,7.0,16.0,23.0,18.0,13.0,11.0,4.0,1.38,15.0,nan,nan,0.0,9.0,0.0,17.0,5.0,0.0,0.0,nan,nan,52,20.0,45.0,44.4,2.0,12.0,16.7,18.0,33.0,0.545,0.0,10.0,10.0,100.0,5.0,19.0,24.0,13.0,17.0,6.0,2.0,0.76,20.0,nan,nan,0.0,2.0,0.0,9.0,2.0,0.0,0.0,nan,nan,True
2014-12-03,True,nan,Wright StateRaiders,nan,3291.0,15.0,4.0,10000.0,86,34.0,51.0,66.7,4.0,9.0,44.4,30.0,42.0,0.714,0.0,14.0,19.0,73.7,5.0,19.0,24.0,21.0,12.0,6.0,4.0,1.75,15.0,nan,nan,8.0,9.0,0.0,16.0,1.0,0.0,0.0,nan,nan,78,29.0,57.0,50.9,11.0,29.0,37.9,18.0,28.0,0.643,0.0,9.0,13.0,69.2,8.0,11.0,19.0,15.0,13.0,5.0,3.0,1.15,18.0,nan,nan,2.0,8.0,0.0,13.0,5.0,0.0,0.0,nan,nan,True
2015-02-07,True,nan,BradleyBraves,nan,4106.0,3.0,3.0,10000.0,53,19.0,47.0,40.4,6.0,18.0,33.3,13.0,29.0,0.448,0.0,9.0,15.0,60.0,5.0,21.0,26.0,13.0,16.0,6.0,2.0,0.81,14.0,nan,nan,4.0,5.0,1.0,15.0,5.0,0.0,0.0,nan,nan,56,21.0,50.0,42.0,5.0,18.0,27.8,16.0,32.0,0.5,0.0,9.0,10.0,90.0,5.0,22.0,27.0,10.0,15.0,7.0,7.0,0.67,17.0,nan,nan,6.0,9.0,0.0,17.0,3.0,0.0,0.0,nan,nan,False
2014-12-13,True,nan,Murray StateRacers,nan,5083.0,4.0,6.0,10000.0,79,27.0,55.0,49.1,4.0,14.0,28.6,23.0,41.0,0.561,0.0,21.0,27.0,77.8,11.0,19.0,30.0,15.0,19.0,6.0,7.0,0.79,19.0,nan,nan,2.0,10.0,0.0,20.0,7.0,0.0,0.0,nan,nan,81,27.0,54.0,50.0,11.0,19.0,57.9,16.0,35.0,0.457,0.0,16.0,23.0,69.6,9.0,15.0,24.0,15.0,15.0,8.0,4.0,1.0,25.0,nan,nan,2.0,2.0,0.0,18.0,2.0,0.0,1.0,nan,nan,False
2013-12-21,True,nan,ButlerBulldogs,False,7035.0,8.0,5.0,10000.0,59,22.0,58.0,37.9,4.0,12.0,33.3,18.0,46.0,39.1,0.0,11.0,16.0,68.8,6.0,21.0,27.0,16.0,12.0,4.0,4.0,1.33,20.0,nan,nan,2.0,8.0,nan,8.0,nan,0.0,0.0,nan,nan,68,23.0,61.0,37.7,6.0,22.0,27.3,17.0,39.0,43.6,0.0,16.0,23.0,69.6,16.0,32.0,48.0,11.0,13.0,8.0,4.0,0.85,16.0,nan,nan,6.0,16.0,nan,13.0,nan,0.0,0.0,nan,nan,False
2014-12-07,True,nan,IUPUIJaguars,nan,3889.0,4.0,1.0,10000.0,89,30.0,53.0,56.6,4.0,9.0,44.4,26.0,44.0,0.591,0.0,25.0,31.0,80.6,7.0,23.0,30.0,23.0,12.0,8.0,6.0,1.92,17.0,nan,nan,14.0,9.0,nan,23.0,3.0,0.0,0.0,nan,nan,62,22.0,54.0,40.7,6.0,18.0,33.3,16.0,36.0,0.444,0.0,12.0,21.0,57.1,10.0,16.0,26.0,11.0,19.0,5.0,3.0,0.58,25.0,nan,nan,2.0,9.0,nan,13.0,4.0,0.0,0.0,nan,nan,True
2014-12-28,True,nan,Coppin StateEagles,nan,4329.0,8.0,nan,10000.0,85,29.0,54.0,53.7,4.0,10.0,40.0,25.0,44.0,0.568,0.0,23.0,28.0,82.1,6.0,30.0,36.0,21.0,20.0,5.0,3.0,1.05,14.0,nan,nan,10.0,14.0,1.0,18.0,2.0,0.0,0.0,nan,nan,80,28.0,67.0,41.8,12.0,31.0,38.7,16.0,36.0,0.444,0.0,12.0,16.0,75.0,8.0,20.0,28.0,14.0,13.0,16.0,7.0,1.08,21.0,nan,nan,13.0,7.0,1.0,26.0,2.0,0.0,0.0,nan,nan,True
2014-11-15,True,nan,EarlhamQuakers,nan,4238.0,0.0,0.0,10000.0,116,50.0,80.0,62.5,3.0,6.0,50.0,47.0,74.0,0.635,0.0,13.0,17.0,76.5,16.0,30.0,46.0,34.0,7.0,16.0,5.0,4.86,11.0,nan,nan,32.0,21.0,0.0,42.0,2.0,0.0,0.0,nan,nan,45,0.0,0.0,0.0,0.0,0.0,0.0,0.0,0.0,0.0,0.0,0.0,0.0,0.0,0.0,0.0,0.0,0.0,0.0,0.0,0.0,0.0,0.0,nan,nan,nan,nan,nan,nan,nan,0.0,0.0,nan,nan,True
2015-03-24,False,nan,Eastern IllinoisPanthers,nan,2404.0,2.0,1.0,5300.0,83,32.0,60.0,53.3,6.0,14.0,42.9,26.0,46.0,0.565,0.0,13.0,17.0,76.5,5.0,32.0,37.0,23.0,14.0,8.0,6.0,1.64,16.0,nan,nan,13.0,6.0,0.0,15.0,5.0,0.0,0.0,nan,nan,68,25.0,62.0,40.3,11.0,23.0,47.8,14.0,39.0,0.359,0.0,7.0,12.0,58.3,5.0,20.0,25.0,14.0,12.0,9.0,6.0,1.17,13.0,nan,nan,5.0,7.0,1.0,10.0,3.0,0.0,1.0,nan,nan,True
2015-03-27,False,nan,Louisiana-LafayetteRagin' Cajuns,nan,3541.0,11.0,4.0,12068.0,89,30.0,53.0,56.6,6.0,13.0,46.2,24.0,40.0,0.6,0.0,23.0,29.0,79.3,4.0,24.0,28.0,16.0,14.0,6.0,1.0,1.14,24.0,nan,nan,6.0,7.0,0.0,14.0,3.0,0.0,0.0,nan,nan,82,24.0,58.0,41.4,6.0,19.0,31.6,18.0,39.0,0.462,0.0,28.0,34.0,82.4,11.0,19.0,30.0,11.0,15.0,4.0,6.0,0.73,23.0,nan,nan,4.0,15.0,1.0,6.0,4.0,0.0,0.0,nan,nan,True
2015-03-19,True,nan,IPFWMastodons,nan,1826.0,2.0,1.0,10000.0,82,30.0,60.0,50.0,8.0,15.0,53.3,22.0,45.0,0.489,0.0,14.0,19.0,73.7,6.0,27.0,33.0,18.0,12.0,6.0,1.0,1.5,19.0,nan,nan,6.0,10.0,0.0,15.0,6.0,0.0,0.0,nan,nan,77,27.0,58.0,46.6,11.0,27.0,40.7,16.0,31.0,0.516,0.0,12.0,18.0,66.7,5.0,21.0,26.0,19.0,13.0,6.0,6.0,1.46,19.0,nan,nan,4.0,5.0,0.0,14.0,4.0,0.0,0.0,nan,nan,True
2016-11-12,False,False,LouisvilleCardinals,False,nan,10.0,5.0,22090.0,47,16.0,57.0,28.1,4.0,15.0,26.7,12.0,42.0,28.571,10.0,11.0,20.0,55.0,10.0,18.0,28.0,6.0,12.0,7.0,2.0,0.5,18.0,0.0,0.0,6.0,4.0,1.0,12.0,1.0,0.0,0.0,0.0,0.0,78,30.0,63.0,47.6,3.0,15.0,20.0,27.0,48.0,56.25,2.0,15.0,27.0,55.6,18.0,33.0,51.0,15.0,12.0,10.0,10.0,1.25,17.0,0.0,1.0,7.0,23.0,0.0,20.0,1.0,0.0,1.0,0.0,0.0,False
2017-01-08,False,False,DrakeBulldogs,True,2688.0,8.0,4.0,7152.0,76,29.0,60.0,48.3,7.0,17.0,41.2,22.0,43.0,51.163,4.0,11.0,16.0,68.8,8.0,19.0,27.0,15.0,10.0,4.0,5.0,1.5,21.0,0.0,0.0,4.0,16.0,0.0,5.0,3.0,0.0,0.0,0.0,0.0,88,28.0,61.0,45.9,9.0,25.0,36.0,19.0,36.0,52.778,5.0,23.0,25.0,92.0,11.0,23.0,34.0,10.0,8.0,6.0,4.0,1.25,13.0,0.0,0.0,5.0,17.0,0.0,16.0,2.0,0.0,0.0,0.0,0.0,False
2017-01-21,False,False,Loyola (IL)Ramblers,True,3006.0,3.0,5.0,4486.0,61,26.0,52.0,50.0,2.0,8.0,25.0,24.0,44.0,54.545,1.0,7.0,8.0,87.5,4.0,22.0,26.0,8.0,12.0,2.0,2.0,0.67,21.0,0.0,0.0,4.0,6.0,1.0,10.0,1.0,0.0,0.0,0.0,0.0,67,23.0,50.0,46.0,7.0,24.0,29.2,16.0,26.0,61.538,2.0,14.0,20.0,70.0,7.0,22.0,29.0,15.0,14.0,7.0,1.0,1.07,17.0,0.0,0.0,2.0,14.0,0.0,14.0,2.0,0.0,0.0,0.0,0.0,False
2018-02-14,False,False,Northern IowaPanthers,True,3346.0,4.0,2.0,6650.0,41,18.0,49.0,36.7,5.0,17.0,29.4,13.0,32.0,40.6,3.0,0.0,0.0,0.0,5.0,27.0,32.0,7.0,9.0,2.0,5.0,0.78,18.0,0.0,0.0,0.0,2.0,2.0,4.0,1.0,0.0,0.0,0.0,0.0,47,15.0,54.0,27.8,5.0,22.0,22.7,10.0,32.0,31.3,5.0,12.0,19.0,63.2,11.0,24.0,35.0,9.0,5.0,3.0,3.0,1.8,9.0,0.0,0.0,0.0,7.0,1.0,11.0,6.0,0.0,0.0,0.0,0.0,False
2017-02-22,False,False,Wichita StateShockers,True,10506.0,4.0,2.0,10506.0,83,26.0,53.0,49.1,9.0,17.0,52.9,17.0,36.0,47.222,8.0,22.0,25.0,88.0,4.0,19.0,23.0,15.0,10.0,0.0,5.0,1.5,24.0,0.0,2.0,2.0,5.0,1.0,0.0,3.0,0.0,0.0,0.0,0.0,109,35.0,65.0,53.8,13.0,23.0,56.5,22.0,42.0,52.381,5.0,26.0,33.0,78.8,9.0,22.0,31.0,24.0,3.0,6.0,8.0,8.0,19.0,0.0,0.0,8.0,18.0,0.0,15.0,4.0,0.0,0.0,0.0,0.0,False
2017-12-21,False,False,DukeBlue Devils,False,9314.0,5.0,1.0,9314.0,40,15.0,50.0,30.0,5.0,14.0,35.7,10.0,36.0,27.8,9.0,5.0,6.0,83.3,2.0,15.0,17.0,11.0,19.0,1.0,2.0,0.58,14.0,0.0,0.0,3.0,2.0,2.0,2.0,7.0,0.0,0.0,0.0,0.0,104,39.0,63.0,61.9,16.0,26.0,61.5,23.0,37.0,62.2,2.0,10.0,13.0,76.9,7.0,26.0,33.0,32.0,5.0,13.0,9.0,6.4,13.0,0.0,0.0,12.0,13.0,0.0,39.0,3.0,0.0,0.0,0.0,0.0,False
2017-02-02,False,False,Indiana StateSycamores,True,3669.0,13.0,11.0,10200.0,84,27.0,58.0,46.6,6.0,10.0,60.0,21.0,48.0,43.75,10.0,24.0,26.0,92.3,9.0,22.0,31.0,14.0,13.0,7.0,6.0,1.08,25.0,0.0,1.0,6.0,8.0,1.0,19.0,3.0,0.0,0.0,0.0,0.0,85,27.0,53.0,50.9,8.0,20.0,40.0,19.0,33.0,57.576,6.0,23.0,31.0,74.2,8.0,18.0,26.0,17.0,14.0,9.0,10.0,1.21,23.0,0.0,0.0,2.0,5.0,2.0,14.0,3.0,1.0,0.0,0.0,0.0,False
2017-02-18,False,False,BradleyBraves,True,5968.0,8.0,3.0,11433.0,72,24.0,55.0,43.6,4.0,11.0,36.4,20.0,44.0,45.455,5.0,20.0,27.0,74.1,6.0,24.0,30.0,12.0,9.0,2.0,2.0,1.33,25.0,0.0,3.0,4.0,5.0,1.0,6.0,2.0,0.0,0.0,0.0,0.0,84,28.0,54.0,51.9,11.0,21.0,52.4,17.0,33.0,51.515,2.0,17.0,29.0,58.6,9.0,27.0,36.0,20.0,8.0,6.0,5.0,2.5,25.0,0.0,0.0,15.0,5.0,0.0,11.0,2.0,0.0,0.0,0.0,1.0,False
2018-02-10,False,False,Missouri StateBears,True,3358.0,0.0,0.0,11000.0,55,19.0,51.0,37.3,4.0,13.0,30.8,15.0,38.0,39.5,3.0,13.0,18.0,72.2,2.0,17.0,19.0,8.0,9.0,9.0,1.0,0.89,20.0,0.0,1.0,6.0,3.0,0.0,15.0,3.0,0.0,0.0,0.0,0.0,72,27.0,59.0,45.8,6.0,21.0,28.6,21.0,38.0,55.3,1.0,12.0,17.0,70.6,16.0,27.0,43.0,14.0,13.0,6.0,3.0,1.08,18.0,0.0,0.0,4.0,16.0,0.0,9.0,2.0,0.0,1.0,0.0,0.0,False
2017-02-04,True,False,Missouri StateBears,True,4467.0,6.0,6.0,10000.0,74,29.0,52.0,55.8,1.0,4.0,25.0,28.0,48.0,58.333,3.0,15.0,24.0,62.5,5.0,24.0,29.0,19.0,5.0,3.0,0.0,3.8,14.0,0.0,0.0,4.0,10.0,0.0,11.0,3.0,0.0,0.0,0.0,0.0,66,23.0,52.0,44.2,9.0,24.0,37.5,14.0,28.0,50.0,0.0,11.0,15.0,73.3,3.0,24.0,27.0,11.0,11.0,3.0,3.0,1.0,19.0,0.0,0.0,0.0,6.0,0.0,2.0,1.0,0.0,0.0,0.0,0.0,True
2017-02-25,True,False,Indiana StateSycamores,True,4913.0,5.0,7.0,10000.0,65,22.0,48.0,45.8,1.0,5.0,20.0,21.0,43.0,48.837,2.0,20.0,34.0,58.8,6.0,34.0,40.0,15.0,12.0,2.0,5.0,1.25,15.0,0.0,0.0,2.0,3.0,0.0,6.0,3.0,0.0,0.0,0.0,0.0,63,22.0,61.0,36.1,3.0,18.0,16.7,19.0,43.0,44.186,4.0,16.0,21.0,76.2,4.0,26.0,30.0,12.0,8.0,6.0,2.0,1.5,24.0,0.0,0.0,4.0,10.0,0.0,12.0,5.0,0.0,0.0,0.0,0.0,True
2017-12-09,True,False,CanisiusGolden Griffins,False,3363.0,3.0,2.0,10000.0,65,21.0,41.0,51.2,1.0,7.0,14.3,20.0,34.0,58.8,3.0,22.0,28.0,78.6,5.0,24.0,29.0,15.0,13.0,2.0,2.0,1.15,15.0,0.0,1.0,0.0,3.0,0.0,12.0,3.0,0.0,0.0,0.0,0.0,58,23.0,61.0,37.7,6.0,33.0,18.2,17.0,28.0,60.7,2.0,6.0,9.0,66.7,11.0,16.0,27.0,14.0,11.0,7.0,3.0,1.27,25.0,0.0,2.0,4.0,14.0,1.0,13.0,4.0,0.0,0.0,0.0,0.0,True
2016-12-10,True,False,Murray StateRacers,False,5016.0,2.0,0.0,10000.0,78,26.0,56.0,46.4,8.0,14.0,57.1,18.0,42.0,42.857,2.0,18.0,24.0,75.0,8.0,27.0,35.0,14.0,9.0,9.0,6.0,1.56,18.0,0.0,0.0,4.0,13.0,0.0,22.0,5.0,0.0,0.0,0.0,0.0,46,15.0,54.0,27.8,5.0,26.0,19.2,10.0,28.0,35.714,6.0,11.0,16.0,68.8,8.0,25.0,33.0,9.0,16.0,3.0,2.0,0.56,23.0,0.0,0.0,0.0,3.0,1.0,12.0,4.0,0.0,0.0,0.0,0.0,True
2018-01-27,True,False,DrakeBulldogs,True,4295.0,1.0,2.0,10000.0,77,24.0,48.0,50.0,7.0,12.0,58.3,17.0,36.0,47.2,2.0,22.0,25.0,88.0,5.0,25.0,30.0,17.0,20.0,7.0,3.0,0.85,22.0,0.0,0.0,0.0,9.0,0.0,13.0,1.0,0.0,0.0,0.0,0.0,73,23.0,51.0,45.1,10.0,25.0,40.0,13.0,26.0,50.0,3.0,17.0,22.0,77.3,3.0,22.0,25.0,15.0,17.0,11.0,2.0,0.88,21.0,0.0,0.0,4.0,8.0,1.0,18.0,2.0,0.0,0.0,0.0,0.0,True
2018-02-18,True,False,Loyola (IL)Ramblers,True,4887.0,16.0,7.0,10000.0,66,23.0,53.0,43.4,5.0,15.0,33.3,18.0,38.0,47.4,3.0,15.0,17.0,88.2,3.0,17.0,20.0,12.0,11.0,7.0,1.0,1.09,16.0,0.0,1.0,6.0,4.0,2.0,14.0,2.0,0.0,0.0,0.0,0.0,76,25.0,43.0,58.1,9.0,19.0,47.4,16.0,24.0,66.7,1.0,17.0,23.0,73.9,4.0,25.0,29.0,12.0,18.0,6.0,3.0,0.67,14.0,0.0,0.0,7.0,9.0,1.0,12.0,2.0,0.0,0.0,0.0,0.0,False
2017-02-15,True,False,DrakeBulldogs,True,3639.0,0.0,0.0,10000.0,87,33.0,57.0,57.9,4.0,6.0,66.7,29.0,51.0,56.863,1.0,17.0,18.0,94.4,9.0,22.0,31.0,18.0,6.0,4.0,3.0,3.0,16.0,0.0,0.0,4.0,15.0,1.0,9.0,4.0,0.0,0.0,0.0,0.0,70,23.0,52.0,44.2,10.0,22.0,45.5,13.0,30.0,43.333,3.0,14.0,16.0,87.5,6.0,14.0,20.0,13.0,8.0,3.0,1.0,1.63,18.0,0.0,0.0,2.0,10.0,0.0,5.0,0.0,0.0,0.0,0.0,0.0,True
2017-12-16,True,False,Austin PeayGovernors,False,nan,4.0,5.0,10000.0,78,23.0,49.0,46.9,6.0,12.0,50.0,17.0,37.0,45.9,3.0,26.0,32.0,81.3,6.0,21.0,27.0,13.0,13.0,4.0,3.0,1.0,17.0,0.0,0.0,2.0,7.0,0.0,20.0,6.0,0.0,0.0,0.0,0.0,74,28.0,62.0,45.2,9.0,26.0,34.6,19.0,36.0,52.8,3.0,9.0,11.0,81.8,8.0,18.0,26.0,15.0,11.0,4.0,4.0,1.36,23.0,0.0,2.0,2.0,14.0,0.0,13.0,5.0,0.0,0.0,0.0,0.0,True
2018-02-24,True,False,Southern IllinoisSalukis,True,4312.0,0.0,1.0,10000.0,75,31.0,55.0,56.4,10.0,19.0,52.6,21.0,36.0,58.3,5.0,3.0,4.0,75.0,6.0,26.0,32.0,18.0,14.0,10.0,5.0,1.29,19.0,0.0,0.0,8.0,13.0,1.0,16.0,3.0,0.0,0.0,0.0,0.0,44,13.0,42.0,31.0,5.0,16.0,31.3,8.0,26.0,30.8,5.0,13.0,19.0,68.4,5.0,18.0,23.0,7.0,19.0,6.0,5.0,0.37,15.0,0.0,0.0,2.0,4.0,1.0,2.0,1.0,0.0,0.0,0.0,0.0,True
2017-11-18,True,False,BinghamtonBearcats,False,3167.0,1.0,1.0,10000.0,66,23.0,55.0,41.8,9.0,16.0,56.3,14.0,39.0,35.9,5.0,11.0,14.0,78.6,9.0,22.0,31.0,16.0,14.0,7.0,2.0,1.14,18.0,0.0,0.0,4.0,6.0,0.0,16.0,4.0,0.0,0.0,0.0,0.0,61,22.0,50.0,44.0,8.0,20.0,40.0,14.0,30.0,46.7,2.0,9.0,17.0,52.9,5.0,20.0,25.0,7.0,18.0,7.0,5.0,0.39,16.0,0.0,0.0,2.0,9.0,0.0,11.0,3.0,0.0,0.0,0.0,0.0,True
2017-12-23,True,False,Illinois StateRedbirds,True,4039.0,9.0,10.0,10000.0,66,23.0,49.0,46.9,1.0,10.0,10.0,22.0,39.0,56.4,3.0,19.0,23.0,82.6,2.0,18.0,20.0,9.0,11.0,7.0,2.0,0.82,18.0,0.0,1.0,6.0,4.0,0.0,13.0,6.0,0.0,0.0,0.0,0.0,72,23.0,47.0,48.9,11.0,24.0,45.8,12.0,23.0,52.2,2.0,15.0,18.0,83.3,2.0,22.0,24.0,12.0,17.0,5.0,3.0,0.71,22.0,0.0,0.0,2.0,6.0,0.0,12.0,5.0,0.0,0.0,0.0,0.0,False
2017-01-29,True,False,Illinois StateRedbirds,True,5428.0,2.0,2.0,10000.0,59,22.0,57.0,38.6,2.0,12.0,16.7,20.0,45.0,44.444,9.0,13.0,23.0,56.5,7.0,19.0,26.0,14.0,11.0,6.0,2.0,1.27,21.0,0.0,1.0,6.0,6.0,0.0,16.0,6.0,0.0,0.0,0.0,0.0,69,22.0,45.0,48.9,7.0,23.0,30.4,15.0,22.0,68.182,2.0,18.0,26.0,69.2,6.0,27.0,33.0,14.0,14.0,6.0,9.0,1.0,24.0,0.0,2.0,4.0,8.0,0.0,9.0,2.0,0.0,0.0,0.0,0.0,False
2017-01-14,True,False,Southern IllinoisSalukis,True,4803.0,8.0,4.0,10000.0,61,20.0,50.0,40.0,4.0,7.0,57.1,16.0,43.0,37.209,9.0,17.0,30.0,56.7,10.0,22.0,32.0,15.0,19.0,6.0,2.0,0.79,24.0,0.0,2.0,8.0,8.0,0.0,12.0,4.0,0.0,0.0,0.0,0.0,73,23.0,54.0,42.6,5.0,16.0,31.3,18.0,38.0,47.368,2.0,22.0,29.0,75.9,9.0,26.0,35.0,13.0,14.0,9.0,9.0,0.93,23.0,0.0,0.0,14.0,6.0,2.0,23.0,2.0,0.0,0.0,0.0,0.0,False
2017-12-17,True,False,MidwayEagles,False,3010.0,1.0,4.0,10000.0,79,26.0,54.0,48.1,5.0,9.0,55.6,21.0,45.0,46.7,0.0,22.0,31.0,71.0,12.0,28.0,40.0,14.0,6.0,4.0,2.0,2.33,7.0,0.0,0.0,2.0,20.0,0.0,15.0,5.0,0.0,0.0,nan,nan,52,20.0,56.0,35.7,6.0,24.0,25.0,14.0,32.0,43.8,0.0,6.0,6.0,100.0,6.0,18.0,24.0,10.0,11.0,5.0,4.0,0.91,23.0,0.0,0.0,0.0,6.0,0.0,3.0,3.0,0.0,0.0,nan,nan,True
2017-02-11,False,False,Southern IllinoisSalukis,True,5490.0,0.0,2.0,8339.0,75,27.0,50.0,54.0,3.0,6.0,50.0,24.0,44.0,54.545,0.0,18.0,25.0,72.0,5.0,27.0,32.0,12.0,14.0,2.0,2.0,0.86,21.0,0.0,0.0,2.0,7.0,1.0,12.0,4.0,0.0,0.0,nan,nan,70,24.0,60.0,40.0,6.0,17.0,35.3,18.0,43.0,41.86,0.0,16.0,23.0,69.6,9.0,18.0,27.0,11.0,10.0,9.0,1.0,1.1,21.0,0.0,0.0,0.0,4.0,1.0,20.0,3.0,0.0,0.0,nan,nan,True
2018-01-04,False,False,Southern IllinoisSalukis,True,5622.0,12.0,8.0,8339.0,63,27.0,52.0,51.9,3.0,11.0,27.3,24.0,41.0,58.5,0.0,6.0,9.0,66.7,8.0,16.0,24.0,12.0,16.0,10.0,2.0,0.75,19.0,0.0,0.0,4.0,6.0,2.0,22.0,3.0,0.0,0.0,nan,nan,65,22.0,44.0,50.0,8.0,17.0,47.1,14.0,27.0,51.9,0.0,13.0,20.0,65.0,6.0,15.0,21.0,13.0,18.0,10.0,2.0,0.72,15.0,0.0,0.0,2.0,6.0,0.0,13.0,3.0,0.0,0.0,nan,nan,False
2018-01-13,False,False,DrakeBulldogs,True,3313.0,0.0,0.0,7152.0,65,22.0,52.0,42.3,4.0,15.0,26.7,18.0,37.0,48.6,0.0,17.0,23.0,73.9,6.0,21.0,27.0,12.0,13.0,7.0,2.0,0.92,23.0,0.0,0.0,4.0,2.0,1.0,14.0,1.0,0.0,0.0,nan,nan,81,28.0,52.0,53.8,9.0,20.0,45.0,19.0,32.0,59.4,0.0,16.0,23.0,69.6,8.0,25.0,33.0,22.0,14.0,6.0,4.0,1.57,21.0,0.0,0.0,3.0,4.0,0.0,25.0,2.0,0.0,0.0,nan,nan,False
2017-12-30,False,False,Loyola (IL)Ramblers,True,1914.0,5.0,10.0,4486.0,59,23.0,52.0,44.2,5.0,14.0,35.7,18.0,38.0,47.4,0.0,8.0,12.0,66.7,5.0,24.0,29.0,6.0,13.0,10.0,3.0,0.46,22.0,0.0,0.0,4.0,7.0,1.0,14.0,3.0,0.0,0.0,nan,nan,66,22.0,44.0,50.0,6.0,15.0,40.0,16.0,29.0,55.2,0.0,16.0,22.0,72.7,1.0,22.0,23.0,14.0,13.0,7.0,5.0,1.08,12.0,0.0,0.0,2.0,4.0,0.0,23.0,2.0,0.0,0.0,nan,nan,False
2017-01-26,False,False,Northern IowaPanthers,True,3782.0,0.0,0.0,6650.0,54,20.0,53.0,37.7,4.0,14.0,28.6,16.0,39.0,41.026,0.0,10.0,15.0,66.7,6.0,21.0,27.0,12.0,14.0,6.0,0.0,0.86,25.0,0.0,0.0,0.0,4.0,0.0,16.0,5.0,0.0,0.0,nan,nan,61,17.0,46.0,37.0,4.0,19.0,21.1,13.0,27.0,48.148,0.0,23.0,27.0,85.2,7.0,24.0,31.0,9.0,14.0,10.0,8.0,0.64,17.0,0.0,0.0,0.0,7.0,0.0,18.0,3.0,0.0,0.0,nan,nan,False
2016-12-18,False,False,Austin PeayGovernors,False,1428.0,12.0,7.0,7257.0,77,30.0,55.0,54.5,2.0,8.0,25.0,28.0,47.0,59.574,0.0,15.0,22.0,68.2,9.0,22.0,31.0,12.0,12.0,5.0,0.0,1.0,23.0,0.0,0.0,16.0,12.0,1.0,21.0,5.0,0.0,0.0,nan,nan,69,21.0,53.0,39.6,9.0,23.0,39.1,12.0,30.0,40.0,0.0,18.0,25.0,72.0,9.0,18.0,27.0,14.0,13.0,2.0,2.0,1.08,23.0,0.0,0.0,2.0,18.0,0.0,18.0,2.0,0.0,0.0,nan,nan,True
2018-02-22,False,False,Indiana StateSycamores,True,4295.0,12.0,11.0,10200.0,53,18.0,63.0,28.6,5.0,20.0,25.0,13.0,43.0,30.2,0.0,12.0,14.0,85.7,10.0,31.0,41.0,12.0,9.0,4.0,7.0,1.33,18.0,0.0,0.0,0.0,9.0,0.0,6.0,5.0,0.0,0.0,nan,nan,58,17.0,59.0,28.8,8.0,30.0,26.7,9.0,29.0,31.0,0.0,16.0,25.0,64.0,13.0,31.0,44.0,9.0,7.0,5.0,5.0,1.29,15.0,0.0,0.0,4.0,18.0,0.0,2.0,3.0,0.0,0.0,nan,nan,False
2018-01-21,False,False,BradleyBraves,True,6205.0,0.0,0.0,11433.0,53,18.0,57.0,31.6,7.0,18.0,38.9,11.0,39.0,28.2,0.0,10.0,12.0,83.3,6.0,19.0,25.0,10.0,13.0,8.0,2.0,0.77,20.0,0.0,0.0,4.0,6.0,1.0,17.0,9.0,0.0,0.0,nan,nan,66,23.0,54.0,42.6,9.0,24.0,37.5,14.0,30.0,46.7,0.0,11.0,18.0,61.1,10.0,29.0,39.0,11.0,15.0,8.0,6.0,0.73,17.0,0.0,0.0,7.0,10.0,0.0,13.0,2.0,0.0,0.0,nan,nan,False
2016-12-30,False,False,Illinois StateRedbirds,True,5415.0,0.0,1.0,10200.0,50,14.0,54.0,25.9,2.0,12.0,16.7,12.0,42.0,28.571,0.0,20.0,26.0,76.9,13.0,29.0,42.0,7.0,15.0,5.0,3.0,0.47,16.0,0.0,0.0,4.0,8.0,1.0,5.0,3.0,0.0,0.0,nan,nan,62,23.0,61.0,37.7,9.0,27.0,33.3,14.0,34.0,41.176,0.0,7.0,15.0,46.7,11.0,27.0,38.0,15.0,12.0,5.0,9.0,1.25,22.0,0.0,0.0,4.0,17.0,0.0,19.0,1.0,0.0,0.0,nan,nan,False
2018-02-03,False,False,Illinois StateRedbirds,True,6923.0,6.0,3.0,10200.0,71,24.0,58.0,41.4,10.0,21.0,47.6,14.0,37.0,37.8,0.0,13.0,18.0,72.2,11.0,25.0,36.0,17.0,14.0,5.0,1.0,1.21,30.0,0.0,0.0,0.0,11.0,0.0,8.0,3.0,0.0,0.0,nan,nan,75,23.0,54.0,42.6,8.0,24.0,33.3,15.0,30.0,50.0,0.0,21.0,33.0,63.6,9.0,27.0,36.0,11.0,10.0,7.0,8.0,1.1,20.0,0.0,0.0,11.0,12.0,0.0,17.0,1.0,0.0,0.0,nan,nan,False
2017-12-06,False,False,Bowling GreenFalcons,False,1489.0,2.0,1.0,4387.0,91,34.0,56.0,60.7,12.0,15.0,80.0,22.0,41.0,53.7,0.0,11.0,13.0,84.6,7.0,27.0,34.0,19.0,14.0,5.0,3.0,1.36,22.0,0.0,0.0,6.0,8.0,0.0,13.0,1.0,0.0,0.0,nan,nan,76,25.0,53.0,47.2,8.0,25.0,32.0,17.0,28.0,60.7,0.0,18.0,27.0,66.7,5.0,17.0,22.0,12.0,10.0,7.0,4.0,1.2,17.0,0.0,0.0,6.0,5.0,0.0,10.0,0.0,0.0,0.0,nan,nan,True
2017-01-12,False,False,Missouri StateBears,True,3235.0,4.0,3.0,11000.0,51,21.0,50.0,42.0,2.0,8.0,25.0,19.0,42.0,45.238,0.0,7.0,12.0,58.3,2.0,24.0,26.0,16.0,9.0,4.0,3.0,1.78,16.0,0.0,0.0,6.0,4.0,0.0,7.0,4.0,0.0,0.0,nan,nan,55,19.0,57.0,33.3,8.0,23.0,34.8,11.0,34.0,32.353,0.0,9.0,17.0,52.9,12.0,25.0,37.0,11.0,10.0,3.0,4.0,1.1,14.0,0.0,0.0,0.0,6.0,0.0,7.0,2.0,0.0,0.0,nan,nan,False
2018-01-25,False,False,ValparaisoCrusaders,True,2219.0,1.0,2.0,5000.0,75,22.0,56.0,39.3,2.0,5.0,40.0,20.0,51.0,39.2,0.0,29.0,31.0,93.5,8.0,29.0,37.0,8.0,11.0,8.0,2.0,0.73,23.0,0.0,0.0,4.0,4.0,2.0,15.0,5.0,0.0,0.0,nan,nan,65,21.0,57.0,36.8,11.0,27.0,40.7,10.0,30.0,33.3,0.0,12.0,21.0,57.1,8.0,24.0,32.0,13.0,16.0,5.0,7.0,0.81,27.0,0.0,0.0,9.0,6.0,0.0,11.0,2.0,0.0,1.0,nan,nan,True
2017-11-30,False,False,New MexicoLobos,False,8943.0,2.0,1.0,15411.0,59,19.0,52.0,36.5,3.0,13.0,23.1,16.0,39.0,41.0,0.0,18.0,23.0,78.3,13.0,21.0,34.0,8.0,19.0,6.0,3.0,0.42,17.0,0.0,0.0,2.0,18.0,2.0,10.0,5.0,0.0,0.0,nan,nan,78,30.0,61.0,49.2,11.0,27.0,40.7,19.0,34.0,55.9,0.0,7.0,9.0,77.8,5.0,21.0,26.0,23.0,10.0,9.0,4.0,2.3,21.0,0.0,0.0,20.0,8.0,1.0,20.0,4.0,0.0,0.0,nan,nan,False
2016-11-15,True,False,Alcorn StateBraves,False,3669.0,2.0,4.0,10000.0,82,27.0,48.0,56.3,6.0,15.0,40.0,21.0,33.0,63.636,0.0,22.0,30.0,73.3,6.0,25.0,31.0,17.0,12.0,7.0,2.0,1.42,14.0,0.0,0.0,8.0,8.0,0.0,18.0,2.0,0.0,0.0,nan,nan,59,22.0,59.0,37.3,5.0,24.0,20.8,17.0,35.0,48.571,0.0,10.0,15.0,66.7,12.0,19.0,31.0,11.0,15.0,6.0,4.0,0.73,24.0,0.0,0.0,2.0,5.0,1.0,11.0,3.0,0.0,0.0,nan,nan,True
2017-11-13,True,False,North Carolina CentralEagles,False,6048.0,0.0,0.0,10000.0,68,23.0,45.0,51.1,7.0,14.0,50.0,16.0,31.0,51.6,0.0,15.0,20.0,75.0,4.0,14.0,18.0,18.0,12.0,6.0,3.0,1.5,15.0,0.0,0.0,2.0,9.0,0.0,26.0,3.0,0.0,0.0,nan,nan,55,21.0,44.0,47.7,5.0,16.0,31.3,16.0,28.0,57.1,0.0,8.0,14.0,57.1,9.0,18.0,27.0,11.0,24.0,6.0,3.0,0.46,21.0,0.0,0.0,4.0,13.0,2.0,11.0,5.0,0.0,0.0,nan,nan,True
2016-12-03,True,False,Boise StateBroncos,False,3773.0,3.0,8.0,10000.0,72,24.0,52.0,46.2,3.0,7.0,42.9,21.0,45.0,46.667,0.0,21.0,24.0,87.5,4.0,26.0,30.0,15.0,12.0,7.0,4.0,1.25,26.0,0.0,0.0,10.0,3.0,0.0,11.0,3.0,0.0,0.0,nan,nan,67,21.0,57.0,36.8,7.0,23.0,30.4,14.0,34.0,41.176,0.0,18.0,25.0,72.0,9.0,23.0,32.0,12.0,14.0,5.0,3.0,0.86,21.0,0.0,0.0,2.0,8.0,0.0,16.0,3.0,0.0,0.0,nan,nan,True
2017-11-17,True,False,Southeast Missouri StateRedhawks,False,3151.0,0.0,0.0,10000.0,66,18.0,45.0,40.0,8.0,18.0,44.4,10.0,27.0,37.0,0.0,22.0,27.0,81.5,3.0,22.0,25.0,12.0,10.0,5.0,2.0,1.2,14.0,0.0,0.0,0.0,0.0,0.0,19.0,3.0,0.0,0.0,nan,nan,50,19.0,48.0,39.6,8.0,25.0,32.0,11.0,23.0,47.8,0.0,4.0,7.0,57.1,5.0,24.0,29.0,8.0,18.0,5.0,5.0,0.44,24.0,0.0,0.0,6.0,1.0,0.0,10.0,2.0,0.0,0.0,nan,nan,True
2018-01-06,True,False,BradleyBraves,True,4171.0,0.0,1.0,10000.0,68,25.0,51.0,49.0,8.0,15.0,53.3,17.0,36.0,47.2,0.0,10.0,10.0,100.0,6.0,22.0,28.0,23.0,13.0,9.0,4.0,1.77,13.0,0.0,0.0,2.0,6.0,3.0,10.0,7.0,0.0,0.0,nan,nan,44,15.0,43.0,34.9,3.0,14.0,21.4,12.0,29.0,41.4,0.0,11.0,15.0,73.3,5.0,16.0,21.0,10.0,15.0,9.0,4.0,0.67,16.0,0.0,0.0,0.0,6.0,2.0,10.0,1.0,0.0,0.0,nan,nan,True
2018-01-18,True,False,Indiana StateSycamores,True,3601.0,1.0,2.0,10000.0,66,18.0,52.0,34.6,4.0,17.0,23.5,14.0,35.0,40.0,0.0,26.0,36.0,72.2,6.0,25.0,31.0,12.0,14.0,8.0,4.0,0.86,26.0,0.0,0.0,2.0,8.0,1.0,15.0,4.0,0.0,0.0,nan,nan,71,20.0,53.0,37.7,9.0,24.0,37.5,11.0,29.0,37.9,0.0,22.0,31.0,71.0,8.0,28.0,36.0,13.0,19.0,10.0,3.0,0.68,26.0,0.0,0.0,2.0,13.0,1.0,9.0,7.0,0.0,0.0,nan,nan,False
2018-01-11,True,False,Missouri StateBears,True,3237.0,0.0,0.0,10000.0,64,22.0,48.0,45.8,4.0,11.0,36.4,18.0,37.0,48.6,0.0,16.0,23.0,69.6,9.0,26.0,35.0,10.0,14.0,6.0,3.0,0.71,12.0,0.0,0.0,2.0,6.0,0.0,11.0,3.0,0.0,0.0,nan,nan,55,21.0,58.0,36.2,7.0,22.0,31.8,14.0,36.0,38.9,0.0,6.0,7.0,85.7,7.0,22.0,29.0,13.0,13.0,7.0,3.0,1.0,21.0,0.0,0.0,4.0,7.0,0.0,7.0,2.0,0.0,0.0,nan,nan,True
2017-01-05,True,False,BradleyBraves,True,3614.0,6.0,9.0,10000.0,63,12.0,51.0,23.5,2.0,12.0,16.7,10.0,39.0,25.641,0.0,37.0,46.0,80.4,12.0,20.0,32.0,9.0,14.0,9.0,2.0,0.64,21.0,0.0,0.0,0.0,11.0,0.0,13.0,5.0,0.0,0.0,nan,nan,74,26.0,52.0,50.0,6.0,19.0,31.6,20.0,33.0,60.606,0.0,16.0,20.0,80.0,6.0,26.0,32.0,9.0,16.0,4.0,5.0,0.56,32.0,0.0,0.0,0.0,7.0,2.0,16.0,3.0,0.0,0.0,nan,nan,False
2016-12-07,True,False,Bowling GreenFalcons,False,3513.0,5.0,5.0,10000.0,69,24.0,49.0,49.0,2.0,6.0,33.3,22.0,43.0,51.163,0.0,19.0,26.0,73.1,5.0,23.0,28.0,11.0,8.0,7.0,4.0,1.38,24.0,0.0,0.0,2.0,6.0,1.0,20.0,2.0,0.0,0.0,nan,nan,66,19.0,45.0,42.2,7.0,18.0,38.9,12.0,27.0,44.444,0.0,21.0,31.0,67.7,5.0,22.0,27.0,9.0,14.0,3.0,3.0,0.64,23.0,0.0,0.0,0.0,7.0,0.0,3.0,6.0,0.0,0.0,nan,nan,True
2017-02-09,True,False,Loyola (IL)Ramblers,True,3436.0,5.0,6.0,10000.0,60,20.0,49.0,40.8,4.0,11.0,36.4,16.0,38.0,42.105,0.0,16.0,19.0,84.2,5.0,19.0,24.0,10.0,10.0,7.0,3.0,1.0,19.0,0.0,0.0,2.0,7.0,1.0,19.0,1.0,0.0,0.0,nan,nan,58,18.0,39.0,46.2,7.0,16.0,43.8,11.0,23.0,47.826,0.0,15.0,21.0,71.4,5.0,24.0,29.0,10.0,17.0,2.0,3.0,0.59,16.0,0.0,0.0,0.0,8.0,0.0,6.0,2.0,0.0,0.0,1.0,nan,True
2017-11-11,True,False,Arkansas StateRed Wolves,False,3622.0,1.0,3.0,10000.0,77,23.0,51.0,45.1,5.0,17.0,29.4,18.0,34.0,52.9,0.0,26.0,34.0,76.5,10.0,22.0,32.0,16.0,12.0,9.0,6.0,1.33,18.0,0.0,0.0,8.0,13.0,1.0,19.0,2.0,0.0,0.0,nan,nan,63,24.0,59.0,40.7,5.0,19.0,26.3,19.0,40.0,47.5,0.0,10.0,12.0,83.3,7.0,23.0,30.0,5.0,16.0,7.0,3.0,0.31,27.0,0.0,0.0,6.0,15.0,0.0,13.0,6.0,0.0,0.0,nan,nan,True
2017-01-01,True,False,Northern IowaPanthers,True,5277.0,0.0,0.0,10000.0,70,25.0,52.0,48.1,6.0,11.0,54.5,19.0,41.0,46.341,0.0,14.0,20.0,70.0,4.0,30.0,34.0,17.0,16.0,5.0,2.0,1.06,15.0,0.0,0.0,2.0,8.0,0.0,9.0,4.0,0.0,0.0,nan,nan,58,22.0,57.0,38.6,5.0,23.0,21.7,17.0,34.0,50.0,0.0,9.0,14.0,64.3,5.0,19.0,24.0,12.0,14.0,10.0,5.0,0.86,15.0,0.0,0.0,4.0,5.0,1.0,17.0,6.0,0.0,0.0,nan,nan,True
2018-02-08,True,False,ValparaisoCrusaders,True,3425.0,5.0,0.0,10000.0,63,22.0,47.0,46.8,3.0,6.0,50.0,19.0,41.0,46.3,0.0,16.0,23.0,69.6,8.0,23.0,31.0,12.0,15.0,7.0,1.0,0.8,11.0,0.0,0.0,0.0,9.0,1.0,18.0,1.0,0.0,0.0,nan,nan,59,23.0,52.0,44.2,8.0,26.0,30.8,15.0,26.0,57.7,0.0,5.0,5.0,100.0,5.0,19.0,24.0,9.0,18.0,7.0,5.0,0.5,22.0,0.0,0.0,4.0,5.0,0.0,13.0,2.0,0.0,0.0,nan,nan,True
2018-02-01,True,False,Northern IowaPanthers,True,3352.0,2.0,3.0,10000.0,57,21.0,46.0,45.7,9.0,17.0,52.9,12.0,29.0,41.4,0.0,6.0,12.0,50.0,1.0,29.0,30.0,16.0,10.0,5.0,2.0,1.6,20.0,0.0,0.0,2.0,0.0,0.0,19.0,2.0,0.0,0.0,nan,nan,49,15.0,48.0,31.3,6.0,26.0,23.1,9.0,22.0,40.9,0.0,13.0,18.0,72.2,5.0,26.0,31.0,10.0,10.0,7.0,2.0,1.0,17.0,0.0,0.0,0.0,1.0,1.0,5.0,2.0,0.0,0.0,nan,nan,True
2016-12-15,True,False,Norfolk StateSpartans,False,3312.0,0.0,0.0,10000.0,85,26.0,48.0,54.2,6.0,12.0,50.0,20.0,36.0,55.556,0.0,27.0,39.0,69.2,6.0,26.0,32.0,16.0,10.0,3.0,1.0,1.6,19.0,0.0,0.0,2.0,6.0,0.0,19.0,6.0,0.0,0.0,nan,nan,66,22.0,53.0,41.5,11.0,29.0,37.9,11.0,24.0,45.833,0.0,11.0,17.0,64.7,4.0,19.0,23.0,9.0,13.0,4.0,6.0,0.69,29.0,0.0,0.0,0.0,6.0,1.0,4.0,1.0,0.0,0.0,nan,nan,True
2016-11-19,True,False,Morehead StateEagles,False,3836.0,11.0,6.0,10000.0,69,26.0,42.0,61.9,3.0,6.0,50.0,23.0,36.0,63.889,0.0,14.0,27.0,51.9,10.0,19.0,29.0,11.0,14.0,4.0,3.0,0.79,16.0,0.0,0.0,4.0,14.0,0.0,11.0,2.0,0.0,0.0,nan,nan,56,21.0,49.0,42.9,4.0,11.0,36.4,17.0,38.0,44.737,0.0,10.0,17.0,58.8,8.0,12.0,20.0,13.0,10.0,6.0,1.0,1.3,28.0,0.0,0.0,0.0,13.0,2.0,12.0,4.0,0.0,0.0,nan,nan,True
2017-01-18,True,False,Wichita StateShockers,True,4019.0,5.0,7.0,10000.0,65,23.0,52.0,44.2,6.0,19.0,31.6,17.0,33.0,51.515,0.0,13.0,19.0,68.4,5.0,22.0,27.0,15.0,11.0,1.0,2.0,1.36,21.0,0.0,0.0,0.0,13.0,1.0,2.0,4.0,0.0,0.0,nan,nan,82,28.0,55.0,50.9,11.0,19.0,57.9,17.0,36.0,47.222,0.0,15.0,24.0,62.5,8.0,22.0,30.0,17.0,6.0,7.0,2.0,2.83,18.0,0.0,0.0,3.0,13.0,0.0,9.0,3.0,0.0,0.0,nan,nan,False
2017-12-02,True,False,Oakland CityMighty Oaks,False,3213.0,4.0,1.0,10000.0,98,38.0,57.0,66.7,11.0,18.0,61.1,27.0,39.0,69.2,0.0,11.0,17.0,64.7,7.0,30.0,37.0,27.0,11.0,3.0,5.0,2.45,12.0,0.0,0.0,6.0,12.0,0.0,12.0,3.0,0.0,0.0,nan,nan,56,20.0,55.0,36.4,7.0,26.0,26.9,13.0,29.0,44.8,0.0,9.0,14.0,64.3,6.0,16.0,22.0,11.0,10.0,8.0,3.0,1.1,17.0,0.0,0.0,4.0,11.0,1.0,9.0,1.0,0.0,0.0,nan,nan,True
2016-12-23,True,False,Mount St. JosephLions,False,4017.0,2.0,1.0,10000.0,68,26.0,55.0,47.3,6.0,18.0,33.3,20.0,37.0,54.054,0.0,10.0,15.0,66.7,5.0,24.0,29.0,19.0,4.0,4.0,1.0,4.75,8.0,0.0,0.0,4.0,3.0,1.0,12.0,1.0,0.0,0.0,nan,nan,55,22.0,57.0,38.6,9.0,31.0,29.0,13.0,26.0,50.0,0.0,2.0,2.0,100.0,10.0,25.0,35.0,12.0,12.0,1.0,0.0,1.0,14.0,0.0,0.0,0.0,10.0,1.0,5.0,3.0,0.0,0.0,nan,nan,True
2016-12-01,True,False,Wabash CollegeLittle Giants,False,3234.0,2.0,1.0,10000.0,83,31.0,65.0,47.7,5.0,15.0,33.3,26.0,50.0,52.0,0.0,16.0,20.0,80.0,12.0,31.0,43.0,19.0,5.0,9.0,9.0,3.8,20.0,0.0,0.0,18.0,17.0,1.0,20.0,5.0,0.0,0.0,nan,nan,39,12.0,54.0,22.2,4.0,27.0,14.8,8.0,27.0,29.63,0.0,11.0,19.0,57.9,13.0,22.0,35.0,6.0,16.0,0.0,6.0,0.38,18.0,0.0,0.0,0.0,13.0,1.0,6.0,3.0,0.0,0.0,nan,nan,True
2017-11-23,True,True,Louisiana TechBulldogs,False,982.0,10.0,8.0,nan,61,24.0,52.0,46.2,6.0,14.0,42.9,18.0,38.0,47.4,5.0,7.0,11.0,63.6,6.0,24.0,30.0,12.0,14.0,3.0,4.0,0.86,14.0,0.0,0.0,2.0,7.0,0.0,6.0,4.0,0.0,0.0,0.0,0.0,63,23.0,61.0,37.7,5.0,23.0,21.7,18.0,38.0,47.4,4.0,12.0,16.0,75.0,13.0,21.0,34.0,10.0,9.0,10.0,5.0,1.11,14.0,0.0,0.0,14.0,12.0,0.0,13.0,2.0,0.0,0.0,0.0,0.0,False
2017-03-03,False,True,Illinois StateRedbirds,False,nan,1.0,2.0,21000.0,69,27.0,64.0,42.2,3.0,11.0,27.3,24.0,53.0,45.283,14.0,12.0,15.0,80.0,9.0,21.0,30.0,13.0,12.0,6.0,4.0,1.08,20.0,0.0,1.0,8.0,13.0,0.0,15.0,7.0,0.0,0.0,0.0,0.0,80,27.0,53.0,50.9,8.0,18.0,44.4,19.0,35.0,54.286,4.0,18.0,23.0,78.3,6.0,22.0,28.0,16.0,11.0,11.0,14.0,1.45,16.0,0.0,0.0,6.0,6.0,0.0,19.0,1.0,0.0,0.0,0.0,0.0,False
2018-03-02,True,True,Northern IowaPanthers,False,4852.0,0.0,0.0,21000.0,50,21.0,55.0,38.2,2.0,14.0,14.3,19.0,41.0,46.3,7.0,6.0,7.0,85.7,3.0,23.0,26.0,7.0,6.0,2.0,3.0,1.17,17.0,0.0,0.0,2.0,2.0,0.0,4.0,5.0,0.0,0.0,0.0,0.0,60,21.0,52.0,40.4,6.0,22.0,27.3,15.0,30.0,50.0,3.0,12.0,16.0,75.0,5.0,29.0,34.0,10.0,3.0,2.0,7.0,3.33,9.0,0.0,0.0,8.0,5.0,1.0,10.0,2.0,0.0,0.0,0.0,0.0,False
2017-03-03,True,True,Indiana StateSycamores,False,nan,2.0,0.0,21000.0,83,26.0,55.0,47.3,4.0,11.0,36.4,22.0,44.0,50.0,4.0,27.0,44.0,61.4,10.0,33.0,43.0,12.0,10.0,10.0,6.0,1.2,20.0,0.0,0.0,8.0,12.0,0.0,13.0,3.0,0.0,0.0,0.0,0.0,72,23.0,68.0,33.8,9.0,28.0,32.1,14.0,40.0,35.0,6.0,17.0,20.0,85.0,10.0,24.0,34.0,14.0,11.0,5.0,4.0,1.27,28.0,0.0,0.0,2.0,7.0,0.0,8.0,3.0,0.0,0.0,0.0,0.0,True
2016-11-27,False,True,Middle TennesseeBlue Raiders,False,nan,6.0,2.0,9700.0,55,17.0,40.0,42.5,3.0,10.0,30.0,14.0,30.0,46.667,0.0,18.0,27.0,66.7,4.0,24.0,28.0,8.0,17.0,3.0,2.0,0.47,22.0,0.0,0.0,0.0,5.0,0.0,5.0,3.0,0.0,0.0,nan,nan,66,25.0,52.0,48.1,5.0,14.0,35.7,20.0,38.0,52.632,0.0,11.0,17.0,64.7,5.0,20.0,25.0,14.0,9.0,7.0,3.0,1.56,19.0,0.0,0.0,3.0,12.0,1.0,22.0,4.0,0.0,0.0,nan,nan,False
2016-11-26,True,True,North Carolina-WilmingtonSeahawks,False,nan,13.0,6.0,9700.0,62,26.0,53.0,49.1,1.0,1.0,100.0,25.0,52.0,48.077,0.0,9.0,15.0,60.0,9.0,22.0,31.0,11.0,17.0,4.0,2.0,0.65,21.0,0.0,0.0,6.0,8.0,1.0,15.0,2.0,0.0,0.0,nan,nan,65,21.0,51.0,41.2,10.0,25.0,40.0,11.0,26.0,42.308,0.0,13.0,20.0,65.0,10.0,21.0,31.0,8.0,17.0,5.0,4.0,0.47,19.0,0.0,0.0,6.0,13.0,0.0,17.0,1.0,0.0,0.0,nan,nan,False
2016-11-25,True,True,ToledoRockets,False,nan,12.0,13.0,9700.0,79,28.0,70.0,40.0,2.0,8.0,25.0,26.0,62.0,41.935,0.0,21.0,26.0,80.8,8.0,30.0,38.0,15.0,9.0,12.0,4.0,1.67,30.0,0.0,0.0,8.0,12.0,1.0,26.0,2.0,0.0,0.0,nan,nan,83,26.0,58.0,44.8,8.0,23.0,34.8,18.0,35.0,51.429,0.0,23.0,32.0,71.9,7.0,34.0,41.0,15.0,18.0,2.0,4.0,0.83,22.0,0.0,0.0,4.0,14.0,1.0,8.0,4.0,0.0,0.0,1.0,nan,False
2017-11-22,False,True,Fresno StateBulldogs,False,982.0,10.0,10.0,nan,59,22.0,51.0,43.1,8.0,12.0,66.7,14.0,39.0,35.9,0.0,7.0,8.0,87.5,3.0,27.0,30.0,8.0,17.0,4.0,2.0,0.47,18.0,0.0,0.0,0.0,5.0,0.0,19.0,6.0,0.0,0.0,nan,nan,57,22.0,57.0,38.6,8.0,20.0,40.0,14.0,37.0,37.8,0.0,5.0,14.0,35.7,7.0,20.0,27.0,11.0,10.0,13.0,3.0,1.1,16.0,0.0,0.0,2.0,9.0,0.0,16.0,3.0,0.0,0.0,nan,nan,True
